filename	event_label	onset	offset
Y09RRavdW3C0_30.000_40.000.wav	Speech	0.620	2.340
Y09RRavdW3C0_30.000_40.000.wav	Speech	2.940	4.100
Y09RRavdW3C0_30.000_40.000.wav	Speech	5.840	5.880
Y09RRavdW3C0_30.000_40.000.wav	Speech	5.960	6.140
Y09RRavdW3C0_30.000_40.000.wav	Speech	6.280	6.320
Y09RRavdW3C0_30.000_40.000.wav	Speech	7.320	7.440
Y09RRavdW3C0_30.000_40.000.wav	Speech	7.580	8.220
Y09RRavdW3C0_30.000_40.000.wav	Speech	8.740	8.800
Y09RRavdW3C0_30.000_40.000.wav	Speech	9.080	9.140
Y09RRavdW3C0_30.000_40.000.wav	Dishes	0.160	0.620
Y09RRavdW3C0_30.000_40.000.wav	Dishes	2.400	3.040
Y09RRavdW3C0_30.000_40.000.wav	Dishes	3.200	3.280
Y09RRavdW3C0_30.000_40.000.wav	Dishes	4.120	6.040
Y09RRavdW3C0_30.000_40.000.wav	Dishes	6.400	7.340
Y09RRavdW3C0_30.000_40.000.wav	Dishes	7.400	7.760
Y09RRavdW3C0_30.000_40.000.wav	Dishes	7.940	10.020
Y09RRavdW3C0_30.000_40.000.wav	Frying	0.060	0.620
Y09RRavdW3C0_30.000_40.000.wav	Frying	2.600	3.000
Y09RRavdW3C0_30.000_40.000.wav	Frying	4.140	6.000
Y09RRavdW3C0_30.000_40.000.wav	Frying	6.380	7.260
Y09RRavdW3C0_30.000_40.000.wav	Frying	7.460	7.620
Y09RRavdW3C0_30.000_40.000.wav	Frying	8.240	8.400
Y09RRavdW3C0_30.000_40.000.wav	Frying	8.460	8.740
Y09RRavdW3C0_30.000_40.000.wav	Frying	8.900	9.080
Y09RRavdW3C0_30.000_40.000.wav	Frying	9.180	9.240
Y09RRavdW3C0_30.000_40.000.wav	Frying	9.480	9.560
Y09RRavdW3C0_30.000_40.000.wav	Frying	9.800	10.020
YIZ_zfkNcxRQ_61.000_71.000.wav	Speech	0.240	1.220
YIZ_zfkNcxRQ_61.000_71.000.wav	Speech	1.940	2.080
YIZ_zfkNcxRQ_61.000_71.000.wav	Speech	2.260	2.340
YIZ_zfkNcxRQ_61.000_71.000.wav	Speech	2.360	2.900
YIZ_zfkNcxRQ_61.000_71.000.wav	Speech	3.160	3.400
YIZ_zfkNcxRQ_61.000_71.000.wav	Speech	3.800	4.040
YIZ_zfkNcxRQ_61.000_71.000.wav	Speech	4.120	4.180
YIZ_zfkNcxRQ_61.000_71.000.wav	Speech	4.460	4.500
YIZ_zfkNcxRQ_61.000_71.000.wav	Blender	7.580	7.940
YIZ_zfkNcxRQ_61.000_71.000.wav	Blender	8.000	9.360
YI0qvH0g393w_20.000_30.000.wav	Alarm_bell_ringing	0.800	3.880
YI0qvH0g393w_20.000_30.000.wav	Alarm_bell_ringing	5.940	8.160
Y7AhpZQt1Ml0_120.000_130.000.wav	Dog	0.380	8.800
Y7AhpZQt1Ml0_120.000_130.000.wav	Dog	8.880	9.020
Y7AhpZQt1Ml0_120.000_130.000.wav	Dog	9.980	10.020
YHyq_Kc64Fgw_10.000_20.000.wav	Speech	2.020	3.280
YHyq_Kc64Fgw_10.000_20.000.wav	Speech	7.420	9.320
YHyq_Kc64Fgw_10.000_20.000.wav	Speech	9.540	9.740
YHyq_Kc64Fgw_10.000_20.000.wav	Speech	9.920	10.020
YHyq_Kc64Fgw_10.000_20.000.wav	Frying	6.000	6.100
YHyq_Kc64Fgw_10.000_20.000.wav	Frying	6.180	7.440
YHyq_Kc64Fgw_10.000_20.000.wav	Frying	9.780	9.900
YKS2aTlLJPo8_90.000_100.000.wav	Dog	1.880	10.020
YKS2aTlLJPo8_90.000_100.000.wav	Alarm_bell_ringing	0.100	0.320
YKS2aTlLJPo8_90.000_100.000.wav	Alarm_bell_ringing	0.460	0.560
YKS2aTlLJPo8_90.000_100.000.wav	Alarm_bell_ringing	4.200	4.700
YUGVQvxU4bS8_0.000_10.000.wav	Speech	4.420	4.480
YUGVQvxU4bS8_0.000_10.000.wav	Speech	4.600	4.840
YUGVQvxU4bS8_0.000_10.000.wav	Frying	0.480	0.640
YUGVQvxU4bS8_0.000_10.000.wav	Frying	0.680	2.820
YUGVQvxU4bS8_0.000_10.000.wav	Frying	3.320	3.440
YUGVQvxU4bS8_0.000_10.000.wav	Frying	3.540	3.600
YUGVQvxU4bS8_0.000_10.000.wav	Frying	4.940	9.680
YUGVQvxU4bS8_0.000_10.000.wav	Running_water	2.840	3.340
YUGVQvxU4bS8_0.000_10.000.wav	Running_water	3.440	3.540
YUGVQvxU4bS8_0.000_10.000.wav	Running_water	3.620	4.060
YUGVQvxU4bS8_0.000_10.000.wav	Running_water	4.080	4.100
YUGVQvxU4bS8_0.000_10.000.wav	Running_water	4.200	4.280
Y17WW_p1N7BQ_30.000_40.000.wav	Speech	0.000	0.460
Y17WW_p1N7BQ_30.000_40.000.wav	Speech	5.000	5.620
Y17WW_p1N7BQ_30.000_40.000.wav	Speech	6.560	6.880
Y17WW_p1N7BQ_30.000_40.000.wav	Speech	9.420	9.540
Y17WW_p1N7BQ_30.000_40.000.wav	Cat	0.840	4.520
YLaaz6hgQ940_110.000_120.000.wav	Speech	2.100	2.600
YLaaz6hgQ940_110.000_120.000.wav	Speech	4.740	6.460
YLaaz6hgQ940_110.000_120.000.wav	Speech	6.920	7.780
YLaaz6hgQ940_110.000_120.000.wav	Speech	8.920	9.420
YLaaz6hgQ940_110.000_120.000.wav	Electric_shaver_toothbrush	9.560	9.960
YB_1nw6kapnw_40.000_50.000.wav	Speech	0.320	1.360
YB_1nw6kapnw_40.000_50.000.wav	Speech	6.660	6.980
YB_1nw6kapnw_40.000_50.000.wav	Running_water	1.720	6.700
YB_1nw6kapnw_40.000_50.000.wav	Running_water	6.960	9.240
YB_1nw6kapnw_40.000_50.000.wav	Running_water	9.340	9.420
YGaN-YxlcIA4_30.000_40.000.wav	Alarm_bell_ringing	0.000	10.020
Y-gAzofSmRiY_21.000_31.000.wav	Speech	6.260	7.120
Y-gAzofSmRiY_21.000_31.000.wav	Dishes	0.980	5.840
Y-q56v8eoD2I_30.000_40.000.wav	Speech	3.640	4.700
Y-q56v8eoD2I_30.000_40.000.wav	Speech	5.360	5.940
Y-q56v8eoD2I_30.000_40.000.wav	Speech	6.380	7.800
Y-q56v8eoD2I_30.000_40.000.wav	Speech	8.760	9.760
Y-q56v8eoD2I_30.000_40.000.wav	Alarm_bell_ringing	0.000	3.680
Y-q56v8eoD2I_30.000_40.000.wav	Alarm_bell_ringing	5.860	6.400
Y-0yRK50zyTI_30.000_40.000.wav	Speech	0.480	0.820
Y-0yRK50zyTI_30.000_40.000.wav	Speech	3.520	4.840
Y-0yRK50zyTI_30.000_40.000.wav	Dishes	0.380	0.440
Y-0yRK50zyTI_30.000_40.000.wav	Dishes	0.880	3.660
Y-0yRK50zyTI_30.000_40.000.wav	Dishes	4.820	10.020
Y-0yRK50zyTI_30.000_40.000.wav	Frying	3.100	3.360
Yk4k-ULQJzAI_30.000_40.000.wav	Running_water	3.320	10.020
Y75bMAERnvng_26.000_36.000.wav	Dog	1.680	9.740
Y-xfgovG6-KU_30.000_40.000.wav	Speech	0.000	0.620
Y-xfgovG6-KU_30.000_40.000.wav	Speech	1.060	10.020
Y6GjsjhAbXRo_20.000_30.000.wav	Speech	5.940	7.080
Y6GjsjhAbXRo_20.000_30.000.wav	Dog	8.980	10.020
Y6GjsjhAbXRo_20.000_30.000.wav	Alarm_bell_ringing	0.540	6.000
Y6GjsjhAbXRo_20.000_30.000.wav	Alarm_bell_ringing	9.440	9.580
YINZwiQGobsQ_580.000_590.000.wav	Speech	0.440	2.620
YINZwiQGobsQ_580.000_590.000.wav	Alarm_bell_ringing	4.620	5.640
YsIEknQwEs8k_150.000_160.000.wav	Speech	0.540	2.320
YsIEknQwEs8k_150.000_160.000.wav	Speech	2.600	4.060
YsIEknQwEs8k_150.000_160.000.wav	Speech	7.840	9.340
YsIEknQwEs8k_150.000_160.000.wav	Dishes	2.480	2.640
YsIEknQwEs8k_150.000_160.000.wav	Dishes	5.240	5.280
YsIEknQwEs8k_150.000_160.000.wav	Dishes	5.480	5.820
YsIEknQwEs8k_150.000_160.000.wav	Frying	2.520	2.600
YsIEknQwEs8k_150.000_160.000.wav	Running_water	4.040	5.020
YsIEknQwEs8k_150.000_160.000.wav	Running_water	5.040	5.460
Yts8miLXKrIw_30.000_40.000.wav	Blender	6.700	6.760
Yts8miLXKrIw_30.000_40.000.wav	Blender	6.780	7.020
Yts8miLXKrIw_30.000_40.000.wav	Blender	7.500	7.520
Yts8miLXKrIw_30.000_40.000.wav	Blender	7.920	9.060
Yts8miLXKrIw_30.000_40.000.wav	Running_water	2.880	5.320
Y-gSfPQqi6nI_30.000_40.000.wav	Cat	0.000	10.020
YAW3s9S3xEQ0_0.000_10.000.wav	Dog	0.400	0.960
YAW3s9S3xEQ0_0.000_10.000.wav	Dog	1.020	1.180
YAW3s9S3xEQ0_0.000_10.000.wav	Dog	4.460	10.020
Y7NyLkxUSPCQ_6.000_16.000.wav	Speech	0.000	0.940
Y7NyLkxUSPCQ_6.000_16.000.wav	Speech	1.880	3.140
Y7NyLkxUSPCQ_6.000_16.000.wav	Speech	6.540	6.580
Y7NyLkxUSPCQ_6.000_16.000.wav	Speech	7.480	7.780
YXik6KV1fiMg_210.000_220.000.wav	Speech	9.420	10.020
YXik6KV1fiMg_210.000_220.000.wav	Electric_shaver_toothbrush	0.200	9.420
YdbunjNOhz2w_210.000_220.000.wav	Dog	7.720	8.280
YdbunjNOhz2w_210.000_220.000.wav	Dishes	1.800	2.420
YdbunjNOhz2w_210.000_220.000.wav	Dishes	2.540	2.600
YdbunjNOhz2w_210.000_220.000.wav	Dishes	3.800	4.280
YdbunjNOhz2w_210.000_220.000.wav	Dishes	4.360	4.380
YdbunjNOhz2w_210.000_220.000.wav	Dishes	4.420	4.680
YdbunjNOhz2w_210.000_220.000.wav	Dishes	4.700	4.740
YdbunjNOhz2w_210.000_220.000.wav	Dishes	5.240	5.480
YdbunjNOhz2w_210.000_220.000.wav	Dishes	5.520	5.920
YdbunjNOhz2w_210.000_220.000.wav	Dishes	8.440	8.460
YdbunjNOhz2w_210.000_220.000.wav	Dishes	8.480	9.500
YMYxhRD4RVmQ_10.000_20.000.wav	Vacuum_cleaner	0.060	5.440
YMYxhRD4RVmQ_10.000_20.000.wav	Vacuum_cleaner	5.520	5.660
YMYxhRD4RVmQ_10.000_20.000.wav	Vacuum_cleaner	5.960	6.020
Yx08TBhoCjQg_260.000_270.000.wav	Speech	0.000	0.840
Yx08TBhoCjQg_260.000_270.000.wav	Speech	3.340	9.960
Yx08TBhoCjQg_260.000_270.000.wav	Blender	0.920	2.840
Yx08TBhoCjQg_260.000_270.000.wav	Blender	2.880	2.920
Y055kC3FYxK0_11.000_21.000.wav	Speech	0.180	0.220
Y055kC3FYxK0_11.000_21.000.wav	Speech	6.420	6.780
Y055kC3FYxK0_11.000_21.000.wav	Speech	6.960	7.400
Y055kC3FYxK0_11.000_21.000.wav	Blender	2.180	2.260
Y055kC3FYxK0_11.000_21.000.wav	Blender	3.900	4.880
Y055kC3FYxK0_11.000_21.000.wav	Blender	4.920	5.140
Y91LB9ssE__k_110.000_120.000.wav	Speech	9.760	10.020
Y91LB9ssE__k_110.000_120.000.wav	Alarm_bell_ringing	5.900	8.140
Y91LB9ssE__k_110.000_120.000.wav	Alarm_bell_ringing	8.860	9.800
Ym5I_M9d80Wg_30.000_40.000.wav	Dog	2.020	2.220
Ym5I_M9d80Wg_30.000_40.000.wav	Dog	2.280	3.060
Ym5I_M9d80Wg_30.000_40.000.wav	Cat	0.140	0.960
Ym5I_M9d80Wg_30.000_40.000.wav	Cat	1.140	2.060
Ym5I_M9d80Wg_30.000_40.000.wav	Cat	3.000	10.020
YMOEE9uo6MCk_20.000_30.000.wav	Speech	2.520	3.120
YMOEE9uo6MCk_20.000_30.000.wav	Speech	3.740	5.820
YMOEE9uo6MCk_20.000_30.000.wav	Speech	7.160	8.460
YMOEE9uo6MCk_20.000_30.000.wav	Dishes	0.360	0.500
YMOEE9uo6MCk_20.000_30.000.wav	Dishes	0.800	0.840
YMOEE9uo6MCk_20.000_30.000.wav	Dishes	1.140	2.040
YMOEE9uo6MCk_20.000_30.000.wav	Dishes	2.060	2.200
YPiVcdJd0uAo_25.000_35.000.wav	Dog	0.660	9.100
Y-mpapCZXors_330.000_340.000.wav	Speech	2.400	4.180
Y-mpapCZXors_330.000_340.000.wav	Speech	9.040	9.640
Y-mpapCZXors_330.000_340.000.wav	Dishes	1.600	2.420
Y-mpapCZXors_330.000_340.000.wav	Dishes	2.500	2.920
Y-mpapCZXors_330.000_340.000.wav	Dishes	3.400	3.600
Y-mpapCZXors_330.000_340.000.wav	Dishes	4.200	9.140
Y-mpapCZXors_330.000_340.000.wav	Frying	5.000	5.040
Y-mpapCZXors_330.000_340.000.wav	Frying	6.040	6.120
Y-mpapCZXors_330.000_340.000.wav	Frying	6.160	6.520
Yk2GF-95Rn-U_210.000_220.000.wav	Speech	0.000	0.080
Yk2GF-95Rn-U_210.000_220.000.wav	Speech	0.520	0.900
Yk2GF-95Rn-U_210.000_220.000.wav	Speech	1.360	2.100
Yk2GF-95Rn-U_210.000_220.000.wav	Speech	2.240	2.280
Yk2GF-95Rn-U_210.000_220.000.wav	Speech	2.380	2.500
Yk2GF-95Rn-U_210.000_220.000.wav	Speech	2.520	2.780
Yk2GF-95Rn-U_210.000_220.000.wav	Speech	3.400	4.360
Yk2GF-95Rn-U_210.000_220.000.wav	Speech	4.700	5.280
Yk2GF-95Rn-U_210.000_220.000.wav	Speech	5.300	6.940
Yk2GF-95Rn-U_210.000_220.000.wav	Speech	7.580	8.360
Yk2GF-95Rn-U_210.000_220.000.wav	Speech	8.400	8.680
Yk2GF-95Rn-U_210.000_220.000.wav	Speech	9.460	9.500
Yk2GF-95Rn-U_210.000_220.000.wav	Speech	9.660	10.020
Yk2GF-95Rn-U_210.000_220.000.wav	Electric_shaver_toothbrush	0.060	0.620
Yk2GF-95Rn-U_210.000_220.000.wav	Electric_shaver_toothbrush	0.860	1.420
Yk2GF-95Rn-U_210.000_220.000.wav	Electric_shaver_toothbrush	1.480	1.540
Yk2GF-95Rn-U_210.000_220.000.wav	Electric_shaver_toothbrush	1.620	1.680
Yk2GF-95Rn-U_210.000_220.000.wav	Electric_shaver_toothbrush	2.040	3.480
Yk2GF-95Rn-U_210.000_220.000.wav	Electric_shaver_toothbrush	3.560	3.720
Yk2GF-95Rn-U_210.000_220.000.wav	Electric_shaver_toothbrush	4.320	4.800
Yk2GF-95Rn-U_210.000_220.000.wav	Electric_shaver_toothbrush	5.780	5.800
Yk2GF-95Rn-U_210.000_220.000.wav	Electric_shaver_toothbrush	6.020	6.040
Yk2GF-95Rn-U_210.000_220.000.wav	Electric_shaver_toothbrush	6.520	6.620
Yk2GF-95Rn-U_210.000_220.000.wav	Electric_shaver_toothbrush	6.920	7.640
Yk2GF-95Rn-U_210.000_220.000.wav	Electric_shaver_toothbrush	8.320	8.460
Yk2GF-95Rn-U_210.000_220.000.wav	Electric_shaver_toothbrush	8.660	9.680
Y2ZZEtUCIkUw_30.000_40.000.wav	Dog	5.920	10.020
YOjx9kmtLxU4_40.000_50.000.wav	Dog	7.900	7.980
YOjx9kmtLxU4_40.000_50.000.wav	Dog	8.080	8.440
YOjx9kmtLxU4_40.000_50.000.wav	Alarm_bell_ringing	6.660	6.780
YOjx9kmtLxU4_40.000_50.000.wav	Alarm_bell_ringing	7.140	7.240
YPrAm5YVvXx8_10.000_20.000.wav	Dog	0.140	10.020
YbUZQeCVNzKc_140.000_150.000.wav	Speech	8.640	9.680
YbUZQeCVNzKc_140.000_150.000.wav	Speech	9.980	10.020
YbUZQeCVNzKc_140.000_150.000.wav	Dog	1.100	1.680
YbUZQeCVNzKc_140.000_150.000.wav	Dog	3.720	4.800
YbUZQeCVNzKc_140.000_150.000.wav	Dog	4.920	8.200
Y8JgqLELdUkY_30.000_40.000.wav	Cat	0.680	10.020
YTf_mav3pAoc_30.000_40.000.wav	Speech	0.600	1.920
YTf_mav3pAoc_30.000_40.000.wav	Speech	2.880	3.140
YTf_mav3pAoc_30.000_40.000.wav	Speech	3.480	6.240
YTf_mav3pAoc_30.000_40.000.wav	Speech	8.320	9.900
YTf_mav3pAoc_30.000_40.000.wav	Speech	10.000	10.020
YTf_mav3pAoc_30.000_40.000.wav	Dishes	2.060	3.000
YTf_mav3pAoc_30.000_40.000.wav	Dishes	3.200	3.760
YTf_mav3pAoc_30.000_40.000.wav	Dishes	6.380	7.100
YTf_mav3pAoc_30.000_40.000.wav	Dishes	7.120	7.220
YkjGjMDpTzvs_320.000_330.000.wav	Speech	0.000	4.040
YkjGjMDpTzvs_320.000_330.000.wav	Speech	8.460	9.860
YkjGjMDpTzvs_320.000_330.000.wav	Dishes	4.660	8.560
YkjGjMDpTzvs_320.000_330.000.wav	Frying	7.560	7.620
YskSyu-Q5nZI_0.000_10.000.wav	Dog	6.080	9.900
YskSyu-Q5nZI_0.000_10.000.wav	Dog	9.960	10.020
Y08pYl8L1y-g_50.000_60.000.wav	Speech	0.000	7.700
Y08pYl8L1y-g_50.000_60.000.wav	Speech	8.100	10.020
Y-uGHAvfqs2I_30.000_40.000.wav	Dog	1.380	1.420
Y-uGHAvfqs2I_30.000_40.000.wav	Dog	4.700	4.860
Y-uGHAvfqs2I_30.000_40.000.wav	Dog	6.460	6.620
Y-uGHAvfqs2I_30.000_40.000.wav	Cat	0.000	0.040
Y-uGHAvfqs2I_30.000_40.000.wav	Cat	0.480	0.500
Y-uGHAvfqs2I_30.000_40.000.wav	Cat	0.520	1.220
Y-uGHAvfqs2I_30.000_40.000.wav	Cat	1.520	9.900
Y-uGHAvfqs2I_30.000_40.000.wav	Cat	10.000	10.020
YjGlA7jMqfl0_20.000_30.000.wav	Running_water	4.100	7.860
YlUIqPVoadK0_90.000_100.000.wav	Speech	0.020	0.040
YlUIqPVoadK0_90.000_100.000.wav	Speech	0.080	3.220
YlUIqPVoadK0_90.000_100.000.wav	Speech	3.420	5.000
YlUIqPVoadK0_90.000_100.000.wav	Speech	5.780	8.000
YlUIqPVoadK0_90.000_100.000.wav	Speech	8.980	9.840
YlUIqPVoadK0_90.000_100.000.wav	Speech	9.880	9.920
YlUIqPVoadK0_90.000_100.000.wav	Dishes	3.200	3.740
YlUIqPVoadK0_90.000_100.000.wav	Dishes	5.020	5.920
YlUIqPVoadK0_90.000_100.000.wav	Dishes	8.200	8.900
YlUIqPVoadK0_90.000_100.000.wav	Frying	5.320	5.800
Y0MEPG8c0jqk_490.000_500.000.wav	Speech	2.040	2.280
Y0MEPG8c0jqk_490.000_500.000.wav	Dishes	0.340	2.220
Y0MEPG8c0jqk_490.000_500.000.wav	Dishes	2.260	10.020
YbVvJzXMLaS8_0.000_10.000.wav	Alarm_bell_ringing	2.700	10.020
Y31c2kosdtuo_20.000_30.000.wav	Alarm_bell_ringing	0.000	10.020
YDXdU9PpDo44_280.000_290.000.wav	Speech	6.520	10.020
YDXdU9PpDo44_280.000_290.000.wav	Running_water	0.080	5.420
Y4IvFk-bZ0-M_20.000_30.000.wav	Speech	4.100	4.560
Y4IvFk-bZ0-M_20.000_30.000.wav	Speech	5.700	7.440
Y4IvFk-bZ0-M_20.000_30.000.wav	Dog	8.700	9.860
Y4IvFk-bZ0-M_20.000_30.000.wav	Blender	1.180	1.440
YXZhLMTOmM9w_30.000_40.000.wav	Cat	0.000	10.020
YxqaMpirSNfI_0.000_10.000.wav	Alarm_bell_ringing	9.840	10.020
YxqaMpirSNfI_0.000_10.000.wav	Running_water	1.040	2.640
YxqaMpirSNfI_0.000_10.000.wav	Running_water	4.140	7.760
YKNFHL6rv_M4_50.000_60.000.wav	Speech	0.000	2.060
YKNFHL6rv_M4_50.000_60.000.wav	Speech	3.880	3.980
YKNFHL6rv_M4_50.000_60.000.wav	Speech	9.680	9.860
YKNFHL6rv_M4_50.000_60.000.wav	Blender	5.980	8.020
YMkqLRewM5jM_221.000_231.000.wav	Speech	0.300	3.640
YMkqLRewM5jM_221.000_231.000.wav	Speech	3.700	9.740
YMkqLRewM5jM_221.000_231.000.wav	Dishes	3.640	3.840
YMkqLRewM5jM_221.000_231.000.wav	Dishes	8.920	8.980
YMkqLRewM5jM_221.000_231.000.wav	Dishes	9.020	9.040
YMkqLRewM5jM_221.000_231.000.wav	Frying	10.000	10.020
Yv8Kry1CbTkM_310.000_320.000.wav	Speech	3.980	4.560
Yv8Kry1CbTkM_310.000_320.000.wav	Speech	4.720	4.860
Yv8Kry1CbTkM_310.000_320.000.wav	Speech	5.120	5.880
Yv8Kry1CbTkM_310.000_320.000.wav	Dishes	1.420	4.180
Yv8Kry1CbTkM_310.000_320.000.wav	Dishes	4.560	5.600
Yv8Kry1CbTkM_310.000_320.000.wav	Dishes	5.880	9.720
Y0IxyUtHw6Ec_0.000_10.000.wav	Dog	0.600	10.020
Y1YRhxCXCM0o_16.000_26.000.wav	Running_water	2.740	4.120
Y1YRhxCXCM0o_16.000_26.000.wav	Running_water	5.680	6.820
Y1YRhxCXCM0o_16.000_26.000.wav	Running_water	6.880	6.920
Y1YRhxCXCM0o_16.000_26.000.wav	Vacuum_cleaner	4.420	4.860
Y-PyXfNxnHKs_110.000_120.000.wav	Speech	0.000	3.420
Y-PyXfNxnHKs_110.000_120.000.wav	Speech	3.740	4.880
Y-PyXfNxnHKs_110.000_120.000.wav	Speech	5.020	5.920
Y-PyXfNxnHKs_110.000_120.000.wav	Speech	6.820	6.840
Y-PyXfNxnHKs_110.000_120.000.wav	Speech	7.780	9.720
Y-PyXfNxnHKs_110.000_120.000.wav	Dishes	6.160	6.740
Y-PyXfNxnHKs_110.000_120.000.wav	Dishes	6.960	7.260
Y-PyXfNxnHKs_110.000_120.000.wav	Frying	3.620	3.700
Y-1pPw9zZopA_190.000_200.000.wav	Speech	0.000	2.340
Y-1pPw9zZopA_190.000_200.000.wav	Speech	3.620	6.540
Y-1pPw9zZopA_190.000_200.000.wav	Speech	6.560	6.600
Y-1pPw9zZopA_190.000_200.000.wav	Speech	8.140	10.020
YcibHJCU4WW4_90.000_100.000.wav	Speech	0.000	0.740
YcibHJCU4WW4_90.000_100.000.wav	Running_water	5.940	10.020
Y1D4LxbOVn1I_30.000_40.000.wav	Speech	2.620	3.460
Y1D4LxbOVn1I_30.000_40.000.wav	Speech	5.060	5.220
Y1D4LxbOVn1I_30.000_40.000.wav	Speech	6.120	6.220
Y1D4LxbOVn1I_30.000_40.000.wav	Dog	0.180	2.620
Y1D4LxbOVn1I_30.000_40.000.wav	Dog	2.660	2.680
Y1D4LxbOVn1I_30.000_40.000.wav	Dog	3.900	9.220
Yg_fXHq1Csc4_0.000_10.000.wav	Alarm_bell_ringing	2.260	10.020
Y2vzUFWykARU_20.000_30.000.wav	Running_water	1.640	7.400
YfVTjznfUoT8_21.000_31.000.wav	Alarm_bell_ringing	0.000	3.160
YfVTjznfUoT8_21.000_31.000.wav	Alarm_bell_ringing	6.480	7.680
Y-D--GWwca0g_130.000_140.000.wav	Speech	0.540	1.800
Y-D--GWwca0g_130.000_140.000.wav	Speech	3.220	3.260
Y-D--GWwca0g_130.000_140.000.wav	Speech	5.500	5.720
Y-D--GWwca0g_130.000_140.000.wav	Speech	6.560	6.580
Y-D--GWwca0g_130.000_140.000.wav	Speech	6.700	6.980
Y-D--GWwca0g_130.000_140.000.wav	Dog	7.160	7.260
Y-D--GWwca0g_130.000_140.000.wav	Dog	8.520	8.720
Y-D--GWwca0g_130.000_140.000.wav	Dog	8.880	8.920
Y-NrseuJrJ6k_30.000_40.000.wav	Speech	8.120	8.320
Y-NrseuJrJ6k_30.000_40.000.wav	Speech	9.440	10.020
Y-NrseuJrJ6k_30.000_40.000.wav	Running_water	0.080	0.600
Y-NrseuJrJ6k_30.000_40.000.wav	Running_water	1.400	1.460
Y-NrseuJrJ6k_30.000_40.000.wav	Running_water	1.480	1.560
Y-NrseuJrJ6k_30.000_40.000.wav	Running_water	1.600	1.720
Y-NrseuJrJ6k_30.000_40.000.wav	Running_water	1.980	2.020
Y-NrseuJrJ6k_30.000_40.000.wav	Running_water	4.100	7.100
Y-t-htrAtNvM_30.000_40.000.wav	Blender	3.040	3.120
Y-t-htrAtNvM_30.000_40.000.wav	Blender	3.240	3.340
Y-t-htrAtNvM_30.000_40.000.wav	Blender	4.160	4.440
Y-t-htrAtNvM_30.000_40.000.wav	Blender	4.480	6.120
Y-rrK6gbh3so_0.000_10.000.wav	Speech	2.340	6.060
Y-rrK6gbh3so_0.000_10.000.wav	Speech	6.420	7.680
Y-rrK6gbh3so_0.000_10.000.wav	Speech	7.840	8.380
Y-rrK6gbh3so_0.000_10.000.wav	Speech	8.800	9.880
Y-rrK6gbh3so_0.000_10.000.wav	Dishes	1.500	1.720
Y-rrK6gbh3so_0.000_10.000.wav	Dishes	1.780	1.960
Y-rrK6gbh3so_0.000_10.000.wav	Dishes	2.040	2.120
Y-rrK6gbh3so_0.000_10.000.wav	Dishes	2.280	2.320
Y-rrK6gbh3so_0.000_10.000.wav	Dishes	6.120	6.480
Y-rrK6gbh3so_0.000_10.000.wav	Dishes	8.680	8.800
Y-rrK6gbh3so_0.000_10.000.wav	Frying	0.160	2.360
Y-rrK6gbh3so_0.000_10.000.wav	Frying	6.080	6.480
Y-rrK6gbh3so_0.000_10.000.wav	Frying	7.680	7.840
Y-rrK6gbh3so_0.000_10.000.wav	Frying	8.420	8.820
YWGYzVpMeSEg_210.000_220.000.wav	Blender	1.020	1.180
YWGYzVpMeSEg_210.000_220.000.wav	Blender	1.260	1.320
YWGYzVpMeSEg_210.000_220.000.wav	Blender	1.380	1.900
YWGYzVpMeSEg_210.000_220.000.wav	Blender	2.020	2.040
YWGYzVpMeSEg_210.000_220.000.wav	Blender	2.340	2.400
YWGYzVpMeSEg_210.000_220.000.wav	Blender	2.620	2.640
YWGYzVpMeSEg_210.000_220.000.wav	Blender	2.920	2.980
YWGYzVpMeSEg_210.000_220.000.wav	Blender	3.660	3.780
YWGYzVpMeSEg_210.000_220.000.wav	Blender	3.940	3.980
YWGYzVpMeSEg_210.000_220.000.wav	Blender	5.420	5.460
YWGYzVpMeSEg_210.000_220.000.wav	Blender	5.780	5.920
YWGYzVpMeSEg_210.000_220.000.wav	Blender	6.060	6.120
YWGYzVpMeSEg_210.000_220.000.wav	Blender	6.180	6.480
YWGYzVpMeSEg_210.000_220.000.wav	Blender	6.560	7.440
YWGYzVpMeSEg_210.000_220.000.wav	Blender	7.500	7.580
YWGYzVpMeSEg_210.000_220.000.wav	Blender	7.600	7.680
YWGYzVpMeSEg_210.000_220.000.wav	Blender	7.960	8.000
YWGYzVpMeSEg_210.000_220.000.wav	Blender	8.200	8.220
YWGYzVpMeSEg_210.000_220.000.wav	Blender	9.160	9.200
YWGYzVpMeSEg_210.000_220.000.wav	Blender	9.340	9.420
YWGYzVpMeSEg_210.000_220.000.wav	Blender	9.500	9.540
YWGYzVpMeSEg_210.000_220.000.wav	Vacuum_cleaner	0.080	4.400
YWGYzVpMeSEg_210.000_220.000.wav	Vacuum_cleaner	4.520	4.580
YWGYzVpMeSEg_210.000_220.000.wav	Vacuum_cleaner	4.680	4.940
YWGYzVpMeSEg_210.000_220.000.wav	Vacuum_cleaner	4.980	5.100
YWGYzVpMeSEg_210.000_220.000.wav	Vacuum_cleaner	5.180	5.740
YWGYzVpMeSEg_210.000_220.000.wav	Vacuum_cleaner	5.860	5.880
YWGYzVpMeSEg_210.000_220.000.wav	Vacuum_cleaner	5.960	6.040
YWGYzVpMeSEg_210.000_220.000.wav	Vacuum_cleaner	6.100	6.240
YWGYzVpMeSEg_210.000_220.000.wav	Vacuum_cleaner	6.480	6.520
YmAg1_aL-fCY_30.000_40.000.wav	Dog	3.720	6.600
YmAg1_aL-fCY_30.000_40.000.wav	Dog	6.980	7.800
YmAg1_aL-fCY_30.000_40.000.wav	Alarm_bell_ringing	6.480	7.140
YmAg1_aL-fCY_30.000_40.000.wav	Alarm_bell_ringing	7.180	7.220
Yjw7wqfei3Fw_20.000_30.000.wav	Speech	0.000	1.260
Yjw7wqfei3Fw_20.000_30.000.wav	Cat	3.780	7.140
Yjw7wqfei3Fw_20.000_30.000.wav	Cat	7.240	9.640
YU5udL6UCigk_100.000_110.000.wav	Speech	0.060	0.160
YU5udL6UCigk_100.000_110.000.wav	Speech	0.580	5.060
YU5udL6UCigk_100.000_110.000.wav	Speech	9.840	10.020
YU5udL6UCigk_100.000_110.000.wav	Dishes	5.800	6.800
YU5udL6UCigk_100.000_110.000.wav	Frying	5.800	5.840
YU5udL6UCigk_100.000_110.000.wav	Frying	5.920	8.640
YU5udL6UCigk_100.000_110.000.wav	Running_water	7.340	7.380
Y-0nqfRcnAYE_370.000_380.000.wav	Speech	0.000	1.780
Y-0nqfRcnAYE_370.000_380.000.wav	Speech	3.140	3.320
Y-0nqfRcnAYE_370.000_380.000.wav	Speech	4.460	10.020
Y-0nqfRcnAYE_370.000_380.000.wav	Dishes	1.860	3.200
Y-0nqfRcnAYE_370.000_380.000.wav	Dishes	3.320	4.720
Y-0nqfRcnAYE_370.000_380.000.wav	Frying	2.160	2.280
Y-0nqfRcnAYE_370.000_380.000.wav	Frying	2.380	2.600
Y-0nqfRcnAYE_370.000_380.000.wav	Frying	4.140	4.400
Y2I0ns0crmrA_6.000_16.000.wav	Dog	2.080	9.720
YFWIGDgq_nnM_30.000_40.000.wav	Speech	0.640	1.320
YFWIGDgq_nnM_30.000_40.000.wav	Speech	1.640	2.140
YFWIGDgq_nnM_30.000_40.000.wav	Speech	2.740	4.320
YFWIGDgq_nnM_30.000_40.000.wav	Speech	7.320	10.020
YFWIGDgq_nnM_30.000_40.000.wav	Frying	0.060	0.600
YFWIGDgq_nnM_30.000_40.000.wav	Frying	1.400	1.580
YemAtRpVf2_A_270.000_280.000.wav	Vacuum_cleaner	0.020	9.980
Y8mT-l6lcBsk_260.000_270.000.wav	Speech	1.500	5.760
Y8mT-l6lcBsk_260.000_270.000.wav	Speech	5.780	7.360
Y8mT-l6lcBsk_260.000_270.000.wav	Speech	8.120	9.880
Y8mT-l6lcBsk_260.000_270.000.wav	Running_water	0.700	1.400
YpqQCdtURruc_0.000_8.000.wav	Alarm_bell_ringing	0.000	7.360
YwHoSjefsmsE_340.000_350.000.wav	Speech	1.920	3.100
YwHoSjefsmsE_340.000_350.000.wav	Cat	0.560	1.280
YwHoSjefsmsE_340.000_350.000.wav	Cat	6.920	10.020
YA7pW5W-4snM_150.000_160.000.wav	Running_water	8.140	8.400
YA7pW5W-4snM_150.000_160.000.wav	Running_water	8.420	8.440
YA7pW5W-4snM_150.000_160.000.wav	Running_water	9.380	9.760
YnN8fv4eZ7FM_350.000_360.000.wav	Speech	2.980	3.820
YnN8fv4eZ7FM_350.000_360.000.wav	Speech	5.120	6.240
YnN8fv4eZ7FM_350.000_360.000.wav	Speech	8.360	9.640
YnN8fv4eZ7FM_350.000_360.000.wav	Electric_shaver_toothbrush	0.000	3.000
YnN8fv4eZ7FM_350.000_360.000.wav	Electric_shaver_toothbrush	3.760	5.160
YnN8fv4eZ7FM_350.000_360.000.wav	Electric_shaver_toothbrush	6.220	8.240
YqqCm76Jtktc_150.000_160.000.wav	Speech	1.640	1.800
YqqCm76Jtktc_150.000_160.000.wav	Speech	1.940	4.300
YqqCm76Jtktc_150.000_160.000.wav	Speech	8.100	8.240
YqqCm76Jtktc_150.000_160.000.wav	Dog	7.960	8.180
YqqCm76Jtktc_150.000_160.000.wav	Dog	8.260	8.280
YqqCm76Jtktc_150.000_160.000.wav	Dog	8.320	10.020
YBFEeNJkKx6g_30.000_40.000.wav	Dog	0.020	10.020
YYlLqWCeiVPw_30.000_40.000.wav	Cat	0.000	10.020
YVWwk76SEAno_0.000_9.000.wav	Speech	1.780	1.820
YVWwk76SEAno_0.000_9.000.wav	Alarm_bell_ringing	4.900	6.880
Y0bO6DhC2tlU_110.000_120.000.wav	Speech	7.620	8.560
Y0bO6DhC2tlU_110.000_120.000.wav	Dishes	1.240	1.280
Y0bO6DhC2tlU_110.000_120.000.wav	Dishes	1.360	7.520
Y0bO6DhC2tlU_110.000_120.000.wav	Running_water	8.900	10.020
YF5Y7BniaRXg_30.000_40.000.wav	Speech	6.620	10.020
YF5Y7BniaRXg_30.000_40.000.wav	Dog	1.960	2.060
YF5Y7BniaRXg_30.000_40.000.wav	Dog	2.240	2.460
YF5Y7BniaRXg_30.000_40.000.wav	Dog	2.500	2.920
YF5Y7BniaRXg_30.000_40.000.wav	Dog	2.940	3.060
YF5Y7BniaRXg_30.000_40.000.wav	Cat	0.000	0.020
YF5Y7BniaRXg_30.000_40.000.wav	Cat	0.040	2.040
Y6iquQAQvoUs_285.000_295.000.wav	Speech	0.000	9.040
Y0AkRWunFZPk_190.000_200.000.wav	Speech	0.820	1.320
Y0AkRWunFZPk_190.000_200.000.wav	Speech	1.580	3.560
Y0AkRWunFZPk_190.000_200.000.wav	Speech	5.180	6.300
Y0AkRWunFZPk_190.000_200.000.wav	Dishes	3.640	5.240
Y0AkRWunFZPk_190.000_200.000.wav	Dishes	5.780	5.900
Y0AkRWunFZPk_190.000_200.000.wav	Dishes	5.960	6.100
Y0AkRWunFZPk_190.000_200.000.wav	Dishes	6.240	10.020
YpVgoBDzwHig_3.000_13.000.wav	Alarm_bell_ringing	0.000	8.800
YPEw6mGXUzs4_130.000_140.000.wav	Speech	0.000	0.380
YPEw6mGXUzs4_130.000_140.000.wav	Speech	0.440	1.400
YPEw6mGXUzs4_130.000_140.000.wav	Speech	2.220	2.680
YPEw6mGXUzs4_130.000_140.000.wav	Speech	2.720	2.800
YPEw6mGXUzs4_130.000_140.000.wav	Speech	3.020	5.880
YPEw6mGXUzs4_130.000_140.000.wav	Speech	6.740	6.760
YPEw6mGXUzs4_130.000_140.000.wav	Speech	6.880	7.040
YPEw6mGXUzs4_130.000_140.000.wav	Speech	7.920	8.200
YPEw6mGXUzs4_130.000_140.000.wav	Speech	8.260	8.460
YPEw6mGXUzs4_130.000_140.000.wav	Speech	8.560	8.720
YPEw6mGXUzs4_130.000_140.000.wav	Dishes	0.360	0.560
YPEw6mGXUzs4_130.000_140.000.wav	Dishes	1.480	2.260
YPEw6mGXUzs4_130.000_140.000.wav	Dishes	2.980	3.020
YPEw6mGXUzs4_130.000_140.000.wav	Frying	0.300	0.580
YPEw6mGXUzs4_130.000_140.000.wav	Frying	1.380	2.260
YPEw6mGXUzs4_130.000_140.000.wav	Frying	2.660	3.080
YPEw6mGXUzs4_130.000_140.000.wav	Frying	4.000	4.100
YPEw6mGXUzs4_130.000_140.000.wav	Frying	5.880	6.740
YPEw6mGXUzs4_130.000_140.000.wav	Frying	6.760	6.900
YPEw6mGXUzs4_130.000_140.000.wav	Frying	7.060	7.940
YPEw6mGXUzs4_130.000_140.000.wav	Frying	8.220	8.260
YPEw6mGXUzs4_130.000_140.000.wav	Frying	8.480	8.560
YPEw6mGXUzs4_130.000_140.000.wav	Frying	8.740	8.940
YPEw6mGXUzs4_130.000_140.000.wav	Frying	8.980	10.020
Y_iL8G7GTNo0_580.000_590.000.wav	Speech	7.340	9.660
Y_iL8G7GTNo0_580.000_590.000.wav	Running_water	4.880	7.200
Y4ByUnyBjmSs_80.000_90.000.wav	Speech	0.000	1.980
Y4ByUnyBjmSs_80.000_90.000.wav	Speech	2.820	9.160
Y4ByUnyBjmSs_80.000_90.000.wav	Speech	9.400	10.020
Y4ByUnyBjmSs_80.000_90.000.wav	Blender	1.940	2.800
YhGMrZZaTRSE_450.000_460.000.wav	Speech	0.000	3.660
YhGMrZZaTRSE_450.000_460.000.wav	Blender	5.700	5.940
YhGMrZZaTRSE_450.000_460.000.wav	Vacuum_cleaner	4.900	9.820
Yfr043wF1zhA_30.000_40.000.wav	Speech	0.140	7.200
Yfr043wF1zhA_30.000_40.000.wav	Running_water	8.980	10.020
Y0EyIdGgbPEo_30.000_40.000.wav	Blender	0.060	0.480
Y0EyIdGgbPEo_30.000_40.000.wav	Blender	2.420	2.500
Y0EyIdGgbPEo_30.000_40.000.wav	Blender	4.560	4.840
Y0EyIdGgbPEo_30.000_40.000.wav	Blender	4.880	5.220
Y0EyIdGgbPEo_30.000_40.000.wav	Blender	7.260	8.280
Y0EyIdGgbPEo_30.000_40.000.wav	Blender	8.440	8.580
Y0EyIdGgbPEo_30.000_40.000.wav	Blender	8.880	8.960
Y0EyIdGgbPEo_30.000_40.000.wav	Blender	9.120	9.180
YMqhi83-ntG4_340.000_350.000.wav	Speech	2.900	7.000
YMqhi83-ntG4_340.000_350.000.wav	Speech	8.660	9.480
YMqhi83-ntG4_340.000_350.000.wav	Speech	9.520	9.780
YMqhi83-ntG4_340.000_350.000.wav	Dishes	0.060	2.940
YMqhi83-ntG4_340.000_350.000.wav	Dishes	7.060	8.720
Yw4-k89IIsLw_160.000_170.000.wav	Speech	0.000	1.780
Yw4-k89IIsLw_160.000_170.000.wav	Speech	1.960	2.420
Yw4-k89IIsLw_160.000_170.000.wav	Speech	2.440	2.540
Yw4-k89IIsLw_160.000_170.000.wav	Speech	2.840	3.280
Yw4-k89IIsLw_160.000_170.000.wav	Speech	3.320	5.520
Yw4-k89IIsLw_160.000_170.000.wav	Speech	5.800	6.960
Yw4-k89IIsLw_160.000_170.000.wav	Speech	7.340	10.020
Yw4-k89IIsLw_160.000_170.000.wav	Dishes	1.740	2.080
Yw4-k89IIsLw_160.000_170.000.wav	Dishes	2.280	2.500
Yw4-k89IIsLw_160.000_170.000.wav	Dishes	5.740	5.840
Yw4-k89IIsLw_160.000_170.000.wav	Frying	1.860	2.040
Yw4-k89IIsLw_160.000_170.000.wav	Frying	2.760	2.840
Yw4-k89IIsLw_160.000_170.000.wav	Frying	5.520	5.860
Yw4-k89IIsLw_160.000_170.000.wav	Running_water	2.560	2.780
Yw4-k89IIsLw_160.000_170.000.wav	Running_water	2.820	2.860
Y24Y8aIUFepo_30.000_40.000.wav	Speech	5.900	8.320
Y24Y8aIUFepo_30.000_40.000.wav	Alarm_bell_ringing	0.160	3.540
Y24Y8aIUFepo_30.000_40.000.wav	Alarm_bell_ringing	8.660	10.020
Yh76OxJ8x-6w_30.000_40.000.wav	Speech	0.000	0.920
Yh76OxJ8x-6w_30.000_40.000.wav	Speech	1.440	3.760
Yh76OxJ8x-6w_30.000_40.000.wav	Speech	4.260	5.460
Yh76OxJ8x-6w_30.000_40.000.wav	Speech	6.000	8.880
Yh76OxJ8x-6w_30.000_40.000.wav	Speech	9.680	10.020
Yh76OxJ8x-6w_30.000_40.000.wav	Dishes	3.760	4.460
Yh76OxJ8x-6w_30.000_40.000.wav	Frying	3.840	4.000
Yh76OxJ8x-6w_30.000_40.000.wav	Frying	4.060	4.200
Yh76OxJ8x-6w_30.000_40.000.wav	Frying	5.540	5.840
Yh76OxJ8x-6w_30.000_40.000.wav	Frying	5.880	5.980
YQH942mm-ffs_0.000_10.000.wav	Running_water	0.240	5.100
Y-0p7hKXZ1ww_30.000_40.000.wav	Speech	0.000	0.500
Y-0p7hKXZ1ww_30.000_40.000.wav	Speech	4.020	4.100
Y-0p7hKXZ1ww_30.000_40.000.wav	Speech	7.640	7.920
Y-0p7hKXZ1ww_30.000_40.000.wav	Speech	9.780	9.860
Y-0p7hKXZ1ww_30.000_40.000.wav	Dog	10.000	10.020
Y-0p7hKXZ1ww_30.000_40.000.wav	Dishes	2.820	3.340
Y-0p7hKXZ1ww_30.000_40.000.wav	Dishes	3.380	3.440
Y-0p7hKXZ1ww_30.000_40.000.wav	Dishes	3.640	3.700
Y-0p7hKXZ1ww_30.000_40.000.wav	Dishes	3.740	3.840
Y-0p7hKXZ1ww_30.000_40.000.wav	Blender	5.380	5.580
YQieNoTUa8X8_90.000_100.000.wav	Speech	3.580	5.340
YQieNoTUa8X8_90.000_100.000.wav	Speech	6.820	7.320
YQieNoTUa8X8_90.000_100.000.wav	Speech	8.820	10.020
YQieNoTUa8X8_90.000_100.000.wav	Dishes	0.360	3.760
YQieNoTUa8X8_90.000_100.000.wav	Dishes	5.300	6.980
YQieNoTUa8X8_90.000_100.000.wav	Dishes	7.180	8.920
YQieNoTUa8X8_90.000_100.000.wav	Frying	3.080	3.520
YQieNoTUa8X8_90.000_100.000.wav	Frying	5.520	6.680
YQieNoTUa8X8_90.000_100.000.wav	Frying	6.700	6.860
YQieNoTUa8X8_90.000_100.000.wav	Frying	7.420	8.820
YKkPrgFi9X6U_20.000_30.000.wav	Dishes	0.000	0.040
YKkPrgFi9X6U_20.000_30.000.wav	Dishes	0.160	10.020
YDieCnMS0G8k_80.000_90.000.wav	Blender	0.100	0.540
YDieCnMS0G8k_80.000_90.000.wav	Blender	0.620	1.140
YDieCnMS0G8k_80.000_90.000.wav	Blender	1.260	1.320
YDieCnMS0G8k_80.000_90.000.wav	Blender	1.380	1.420
YDieCnMS0G8k_80.000_90.000.wav	Blender	1.480	1.860
YDieCnMS0G8k_80.000_90.000.wav	Blender	1.880	3.340
YDieCnMS0G8k_80.000_90.000.wav	Blender	3.580	3.620
YDieCnMS0G8k_80.000_90.000.wav	Blender	4.240	4.400
YDieCnMS0G8k_80.000_90.000.wav	Blender	4.680	4.740
YDieCnMS0G8k_80.000_90.000.wav	Blender	5.480	7.080
YDieCnMS0G8k_80.000_90.000.wav	Blender	7.200	9.840
YDieCnMS0G8k_80.000_90.000.wav	Vacuum_cleaner	0.260	0.340
YDieCnMS0G8k_80.000_90.000.wav	Vacuum_cleaner	1.360	1.400
YDieCnMS0G8k_80.000_90.000.wav	Vacuum_cleaner	1.580	1.620
YDieCnMS0G8k_80.000_90.000.wav	Vacuum_cleaner	1.680	1.700
YDieCnMS0G8k_80.000_90.000.wav	Vacuum_cleaner	1.900	2.000
YDieCnMS0G8k_80.000_90.000.wav	Vacuum_cleaner	2.420	2.480
YDieCnMS0G8k_80.000_90.000.wav	Vacuum_cleaner	2.740	2.840
YDieCnMS0G8k_80.000_90.000.wav	Vacuum_cleaner	2.900	2.980
YDieCnMS0G8k_80.000_90.000.wav	Vacuum_cleaner	3.100	8.480
YDieCnMS0G8k_80.000_90.000.wav	Vacuum_cleaner	8.500	8.620
YDieCnMS0G8k_80.000_90.000.wav	Vacuum_cleaner	8.680	8.820
YDieCnMS0G8k_80.000_90.000.wav	Vacuum_cleaner	8.860	8.940
YDieCnMS0G8k_80.000_90.000.wav	Vacuum_cleaner	9.060	9.200
YHSPBrLMYWQA_30.000_40.000.wav	Cat	0.000	10.020
YEbI0_rtgvXw_80.000_90.000.wav	Speech	0.260	2.080
YEbI0_rtgvXw_80.000_90.000.wav	Speech	4.780	7.760
YEbI0_rtgvXw_80.000_90.000.wav	Alarm_bell_ringing	8.460	10.020
Y-8pCMgGKZY8_12.000_22.000.wav	Speech	2.360	2.620
Y-8pCMgGKZY8_12.000_22.000.wav	Running_water	3.700	5.740
YcJv6x6TN1bw_480.000_490.000.wav	Speech	0.000	0.180
YcJv6x6TN1bw_480.000_490.000.wav	Speech	2.360	4.220
YcJv6x6TN1bw_480.000_490.000.wav	Speech	4.480	4.740
YcJv6x6TN1bw_480.000_490.000.wav	Speech	4.980	8.180
YcJv6x6TN1bw_480.000_490.000.wav	Speech	8.600	9.860
YcJv6x6TN1bw_480.000_490.000.wav	Speech	9.900	10.020
YcJv6x6TN1bw_480.000_490.000.wav	Dishes	0.240	2.400
YcJv6x6TN1bw_480.000_490.000.wav	Dishes	4.300	4.500
YcJv6x6TN1bw_480.000_490.000.wav	Dishes	8.360	8.620
YcJv6x6TN1bw_480.000_490.000.wav	Frying	0.180	2.420
YcJv6x6TN1bw_480.000_490.000.wav	Frying	4.200	4.540
YcJv6x6TN1bw_480.000_490.000.wav	Frying	4.740	5.020
YcJv6x6TN1bw_480.000_490.000.wav	Frying	8.160	8.660
YcJv6x6TN1bw_480.000_490.000.wav	Frying	9.860	9.900
YDaaY_n80b2Y_5.000_15.000.wav	Dog	1.060	2.220
YDaaY_n80b2Y_5.000_15.000.wav	Dishes	5.400	5.420
YDaaY_n80b2Y_5.000_15.000.wav	Dishes	5.480	5.520
YDaaY_n80b2Y_5.000_15.000.wav	Dishes	5.660	9.020
Y6SXBknR8MH4_0.000_10.000.wav	Dishes	3.460	10.020
Y6SXBknR8MH4_0.000_10.000.wav	Running_water	1.900	2.280
Y6SXBknR8MH4_0.000_10.000.wav	Running_water	2.320	2.640
Y6SXBknR8MH4_0.000_10.000.wav	Running_water	3.220	3.400
Y-sPPlSb2CCo_30.000_40.000.wav	Speech	1.720	3.140
Y-sPPlSb2CCo_30.000_40.000.wav	Speech	4.820	5.840
Y-sPPlSb2CCo_30.000_40.000.wav	Speech	5.900	6.680
Y-sPPlSb2CCo_30.000_40.000.wav	Speech	7.200	7.300
Y6dgTnGDYiZc_9.000_19.000.wav	Speech	9.100	10.020
Y6dgTnGDYiZc_9.000_19.000.wav	Cat	0.000	1.520
Y6dgTnGDYiZc_9.000_19.000.wav	Cat	1.680	1.780
Y6dgTnGDYiZc_9.000_19.000.wav	Cat	2.640	5.740
Y6dgTnGDYiZc_9.000_19.000.wav	Cat	5.840	5.960
YzF_6B6QIYdA_20.000_30.000.wav	Speech	0.000	1.240
YzF_6B6QIYdA_20.000_30.000.wav	Speech	5.720	10.020
YzF_6B6QIYdA_20.000_30.000.wav	Electric_shaver_toothbrush	1.440	5.780
YzVup1EYXcxA_10.000_20.000.wav	Dishes	1.100	1.140
YzVup1EYXcxA_10.000_20.000.wav	Dishes	1.680	2.280
YzVup1EYXcxA_10.000_20.000.wav	Dishes	2.340	2.740
YzVup1EYXcxA_10.000_20.000.wav	Dishes	2.920	9.280
YzVup1EYXcxA_10.000_20.000.wav	Frying	7.800	8.180
YzVup1EYXcxA_10.000_20.000.wav	Frying	8.280	8.940
YzVup1EYXcxA_10.000_20.000.wav	Running_water	0.000	0.380
YzVup1EYXcxA_10.000_20.000.wav	Running_water	2.840	2.860
YGr-aT8sYNN8_30.000_40.000.wav	Speech	0.020	0.120
YGr-aT8sYNN8_30.000_40.000.wav	Speech	1.240	1.300
YGr-aT8sYNN8_30.000_40.000.wav	Speech	1.340	1.360
YGr-aT8sYNN8_30.000_40.000.wav	Speech	9.520	9.640
YGr-aT8sYNN8_30.000_40.000.wav	Speech	9.840	9.860
YGr-aT8sYNN8_30.000_40.000.wav	Vacuum_cleaner	0.040	9.920
Y-1nilez17Dg_30.000_40.000.wav	Speech	2.800	9.440
Y-1nilez17Dg_30.000_40.000.wav	Speech	9.780	10.020
YBvQz8thsH1A_230.000_240.000.wav	Speech	9.000	10.020
YBvQz8thsH1A_230.000_240.000.wav	Running_water	2.200	7.160
YXecb_5XO81Q_10.000_20.000.wav	Dog	0.080	9.720
YXecb_5XO81Q_10.000_20.000.wav	Dog	10.000	10.020
YU8kJ9DFX6S0_140.000_150.000.wav	Speech	8.640	10.020
YU8kJ9DFX6S0_140.000_150.000.wav	Dishes	4.420	8.540
YU8kJ9DFX6S0_140.000_150.000.wav	Running_water	0.000	2.220
Y2QKJuc_Hscc_50.000_60.000.wav	Dog	2.040	5.620
Y2QKJuc_Hscc_50.000_60.000.wav	Dog	5.660	10.020
YYqU9Dg5G6QA_6.000_16.000.wav	Cat	4.460	9.440
YYqU9Dg5G6QA_6.000_16.000.wav	Alarm_bell_ringing	0.280	2.500
YG7JFyw4L_7A_70.000_80.000.wav	Cat	0.520	0.620
YG7JFyw4L_7A_70.000_80.000.wav	Cat	1.540	1.820
YG7JFyw4L_7A_70.000_80.000.wav	Cat	2.020	2.060
YYdTpp_Z_8Fo_52.000_62.000.wav	Speech	8.640	9.820
YYdTpp_Z_8Fo_52.000_62.000.wav	Dishes	0.240	0.260
YYdTpp_Z_8Fo_52.000_62.000.wav	Dishes	0.340	1.220
YYdTpp_Z_8Fo_52.000_62.000.wav	Frying	0.100	0.140
YYdTpp_Z_8Fo_52.000_62.000.wav	Frying	0.200	1.240
YYdTpp_Z_8Fo_52.000_62.000.wav	Frying	1.320	1.440
YYdTpp_Z_8Fo_52.000_62.000.wav	Frying	1.560	1.980
YYdTpp_Z_8Fo_52.000_62.000.wav	Frying	2.020	2.060
YYdTpp_Z_8Fo_52.000_62.000.wav	Frying	6.080	6.120
YYdTpp_Z_8Fo_52.000_62.000.wav	Frying	6.380	6.680
YazOX0YeNl3Q_70.000_80.000.wav	Speech	0.900	2.820
YazOX0YeNl3Q_70.000_80.000.wav	Speech	4.100	5.080
YazOX0YeNl3Q_70.000_80.000.wav	Frying	3.060	4.140
YazOX0YeNl3Q_70.000_80.000.wav	Frying	5.180	6.020
YazOX0YeNl3Q_70.000_80.000.wav	Frying	6.120	6.180
YazOX0YeNl3Q_70.000_80.000.wav	Frying	6.280	6.500
YazOX0YeNl3Q_70.000_80.000.wav	Running_water	6.020	6.140
YazOX0YeNl3Q_70.000_80.000.wav	Running_water	6.160	6.300
YazOX0YeNl3Q_70.000_80.000.wav	Running_water	6.520	7.580
YazOX0YeNl3Q_70.000_80.000.wav	Running_water	8.020	8.380
YazOX0YeNl3Q_70.000_80.000.wav	Running_water	8.580	8.660
YazOX0YeNl3Q_70.000_80.000.wav	Running_water	8.720	9.100
YazOX0YeNl3Q_70.000_80.000.wav	Electric_shaver_toothbrush	0.020	1.000
Y_AfYlb7oEsg_330.000_340.000.wav	Speech	0.000	1.020
Y_AfYlb7oEsg_330.000_340.000.wav	Speech	4.520	6.720
Y_AfYlb7oEsg_330.000_340.000.wav	Speech	9.180	9.580
Y_AfYlb7oEsg_330.000_340.000.wav	Running_water	2.060	3.340
Y-9byM5-ih2M_0.000_10.000.wav	Speech	8.220	8.600
Y-9byM5-ih2M_0.000_10.000.wav	Dog	3.420	3.580
Y-9byM5-ih2M_0.000_10.000.wav	Dog	4.100	4.160
Y-9byM5-ih2M_0.000_10.000.wav	Dog	4.440	4.840
Y-9byM5-ih2M_0.000_10.000.wav	Dog	4.900	5.240
Y-9byM5-ih2M_0.000_10.000.wav	Cat	0.000	4.120
Y-9byM5-ih2M_0.000_10.000.wav	Cat	5.880	7.320
YTx_47yEnfCs_442.000_452.000.wav	Speech	0.000	0.420
YTx_47yEnfCs_442.000_452.000.wav	Speech	1.000	4.320
YTx_47yEnfCs_442.000_452.000.wav	Speech	4.700	7.020
YTx_47yEnfCs_442.000_452.000.wav	Speech	7.440	8.360
YTx_47yEnfCs_442.000_452.000.wav	Speech	8.500	8.680
YTx_47yEnfCs_442.000_452.000.wav	Speech	9.820	10.020
YTx_47yEnfCs_442.000_452.000.wav	Dishes	4.340	4.840
YTx_47yEnfCs_442.000_452.000.wav	Dishes	7.240	7.560
YTx_47yEnfCs_442.000_452.000.wav	Dishes	8.460	8.480
YTx_47yEnfCs_442.000_452.000.wav	Dishes	8.720	9.840
YTx_47yEnfCs_442.000_452.000.wav	Frying	4.440	4.500
YTx_47yEnfCs_442.000_452.000.wav	Frying	4.600	4.700
YRe2zKQIZXE4_550.000_560.000.wav	Speech	0.000	1.300
YRe2zKQIZXE4_550.000_560.000.wav	Speech	3.060	3.720
YRe2zKQIZXE4_550.000_560.000.wav	Speech	3.760	7.340
YRe2zKQIZXE4_550.000_560.000.wav	Speech	7.920	9.000
YRe2zKQIZXE4_550.000_560.000.wav	Dishes	1.460	3.180
YRe2zKQIZXE4_550.000_560.000.wav	Dishes	3.800	3.860
YRe2zKQIZXE4_550.000_560.000.wav	Dishes	7.460	7.980
YRe2zKQIZXE4_550.000_560.000.wav	Dishes	9.240	10.020
YRe2zKQIZXE4_550.000_560.000.wav	Frying	1.480	3.100
YRe2zKQIZXE4_550.000_560.000.wav	Frying	9.280	9.800
YRe2zKQIZXE4_550.000_560.000.wav	Frying	9.860	9.940
YUnwjHckSTDo_30.000_40.000.wav	Speech	0.000	4.480
YUnwjHckSTDo_30.000_40.000.wav	Speech	4.700	4.740
YUnwjHckSTDo_30.000_40.000.wav	Speech	5.420	10.020
YVm4c-BPmR1c_60.000_70.000.wav	Speech	0.200	0.340
YVm4c-BPmR1c_60.000_70.000.wav	Running_water	0.060	0.200
YVm4c-BPmR1c_60.000_70.000.wav	Running_water	0.400	9.980
YI5yMAPfZsBQ_360.000_370.000.wav	Speech	3.300	4.720
YI5yMAPfZsBQ_360.000_370.000.wav	Speech	5.100	5.920
YI5yMAPfZsBQ_360.000_370.000.wav	Speech	6.500	6.560
YI5yMAPfZsBQ_360.000_370.000.wav	Speech	6.800	7.180
YI5yMAPfZsBQ_360.000_370.000.wav	Speech	8.720	10.020
YI5yMAPfZsBQ_360.000_370.000.wav	Blender	0.000	3.160
YjEGElZwMzYM_0.000_10.000.wav	Running_water	2.360	9.980
YeyanSta5aPI_30.000_40.000.wav	Speech	0.000	0.620
YeyanSta5aPI_30.000_40.000.wav	Speech	0.640	0.680
YeyanSta5aPI_30.000_40.000.wav	Speech	0.980	2.900
YeyanSta5aPI_30.000_40.000.wav	Alarm_bell_ringing	3.340	10.020
Y__p-iA312kg_70.000_80.000.wav	Dog	2.100	10.020
Y86p6UVFIcFI_30.000_40.000.wav	Cat	0.000	10.020
YRQT5ssY1B68_30.000_40.000.wav	Alarm_bell_ringing	1.460	2.780
YRQT5ssY1B68_30.000_40.000.wav	Alarm_bell_ringing	3.340	3.360
YRQT5ssY1B68_30.000_40.000.wav	Alarm_bell_ringing	3.380	3.440
YRQT5ssY1B68_30.000_40.000.wav	Alarm_bell_ringing	4.140	8.160
Yg6qq3GHA9t0_150.000_160.000.wav	Speech	0.340	0.760
Yg6qq3GHA9t0_150.000_160.000.wav	Speech	1.000	2.760
Yg6qq3GHA9t0_150.000_160.000.wav	Speech	3.380	4.680
Yg6qq3GHA9t0_150.000_160.000.wav	Speech	5.140	10.020
Yg6qq3GHA9t0_150.000_160.000.wav	Dishes	0.220	0.340
Yg6qq3GHA9t0_150.000_160.000.wav	Dishes	0.780	1.060
Yg6qq3GHA9t0_150.000_160.000.wav	Dishes	1.500	1.720
Yg6qq3GHA9t0_150.000_160.000.wav	Dishes	1.980	2.020
Yg6qq3GHA9t0_150.000_160.000.wav	Dishes	2.120	2.200
Yg6qq3GHA9t0_150.000_160.000.wav	Dishes	2.680	3.500
Yg6qq3GHA9t0_150.000_160.000.wav	Dishes	3.900	4.000
Yg6qq3GHA9t0_150.000_160.000.wav	Dishes	4.660	5.400
Yg6qq3GHA9t0_150.000_160.000.wav	Dishes	7.300	7.380
Yg6qq3GHA9t0_150.000_160.000.wav	Dishes	7.400	7.460
Yg6qq3GHA9t0_150.000_160.000.wav	Dishes	7.740	7.760
Yg6qq3GHA9t0_150.000_160.000.wav	Dishes	8.640	8.800
Yg6qq3GHA9t0_150.000_160.000.wav	Dishes	9.320	9.500
Yg6qq3GHA9t0_150.000_160.000.wav	Dishes	9.540	9.860
Yg6qq3GHA9t0_150.000_160.000.wav	Frying	0.000	0.380
Yg6qq3GHA9t0_150.000_160.000.wav	Frying	0.760	1.040
Yg6qq3GHA9t0_150.000_160.000.wav	Frying	1.500	1.680
Yg6qq3GHA9t0_150.000_160.000.wav	Frying	2.680	3.460
Yg6qq3GHA9t0_150.000_160.000.wav	Frying	3.900	3.960
Yg6qq3GHA9t0_150.000_160.000.wav	Frying	4.660	5.380
Yg6qq3GHA9t0_150.000_160.000.wav	Frying	7.320	7.360
Yg6qq3GHA9t0_150.000_160.000.wav	Frying	9.360	9.460
Yg6qq3GHA9t0_150.000_160.000.wav	Frying	9.580	9.660
Y0Wkk9iNzA9c_30.000_40.000.wav	Dog	3.100	9.780
YL3SIlxdLGxI_340.000_350.000.wav	Speech	0.000	0.900
YL3SIlxdLGxI_340.000_350.000.wav	Speech	3.500	4.360
YL3SIlxdLGxI_340.000_350.000.wav	Speech	5.100	6.240
YL3SIlxdLGxI_340.000_350.000.wav	Speech	7.160	8.620
YL3SIlxdLGxI_340.000_350.000.wav	Speech	9.860	10.020
YL3SIlxdLGxI_340.000_350.000.wav	Frying	4.620	4.700
YL3SIlxdLGxI_340.000_350.000.wav	Electric_shaver_toothbrush	0.860	3.580
YL3SIlxdLGxI_340.000_350.000.wav	Electric_shaver_toothbrush	6.280	6.720
YL3SIlxdLGxI_340.000_350.000.wav	Electric_shaver_toothbrush	6.780	6.840
YL3SIlxdLGxI_340.000_350.000.wav	Electric_shaver_toothbrush	9.040	9.800
YOAEeDczKnCA_200.000_210.000.wav	Vacuum_cleaner	0.040	9.500
YzcfvCrX-Lts_130.000_140.000.wav	Speech	2.080	2.280
YzcfvCrX-Lts_130.000_140.000.wav	Speech	2.640	3.100
YzcfvCrX-Lts_130.000_140.000.wav	Speech	3.800	4.240
Y-IKnJa9U66I_150.000_160.000.wav	Blender	0.060	2.200
Y-IKnJa9U66I_150.000_160.000.wav	Blender	3.080	4.680
Y-IKnJa9U66I_150.000_160.000.wav	Blender	9.080	9.700
YPUwNDssbDXw_0.000_10.000.wav	Running_water	2.040	9.920
YPUwNDssbDXw_0.000_10.000.wav	Running_water	10.000	10.020
YE81-l2bwh40_190.000_200.000.wav	Running_water	0.420	7.400
YE81-l2bwh40_190.000_200.000.wav	Running_water	7.420	7.460
Y_Uf47SnKl5Q_30.000_40.000.wav	Alarm_bell_ringing	1.180	2.540
Y_Uf47SnKl5Q_30.000_40.000.wav	Dishes	5.520	5.580
Y_Uf47SnKl5Q_30.000_40.000.wav	Dishes	5.600	9.540
YBJimHxqGfig_50.000_60.000.wav	Vacuum_cleaner	7.160	9.520
YBJimHxqGfig_50.000_60.000.wav	Vacuum_cleaner	9.560	9.640
YsnR9TvRupjU_0.000_10.000.wav	Speech	0.740	3.960
YsnR9TvRupjU_0.000_10.000.wav	Cat	4.400	4.700
YsnR9TvRupjU_0.000_10.000.wav	Cat	5.700	7.960
YWFJ96PH4rvo_20.000_30.000.wav	Dog	0.160	0.360
YWFJ96PH4rvo_20.000_30.000.wav	Dog	0.400	0.420
YWFJ96PH4rvo_20.000_30.000.wav	Dog	1.220	4.960
Y3NRu3vNRFxU_0.000_10.000.wav	Speech	3.300	4.120
Y3NRu3vNRFxU_0.000_10.000.wav	Dog	9.740	10.020
Y3NRu3vNRFxU_0.000_10.000.wav	Running_water	0.340	0.360
Y3NRu3vNRFxU_0.000_10.000.wav	Running_water	0.560	0.600
Y3NRu3vNRFxU_0.000_10.000.wav	Running_water	0.680	2.280
Y3NRu3vNRFxU_0.000_10.000.wav	Running_water	2.680	2.720
YpAG3mZgGxfk_230.000_240.000.wav	Speech	0.120	2.140
YpAG3mZgGxfk_230.000_240.000.wav	Speech	2.220	2.440
YpAG3mZgGxfk_230.000_240.000.wav	Speech	2.580	2.720
YpAG3mZgGxfk_230.000_240.000.wav	Speech	3.540	3.740
YpAG3mZgGxfk_230.000_240.000.wav	Speech	3.920	4.780
YpAG3mZgGxfk_230.000_240.000.wav	Speech	4.800	5.220
YpAG3mZgGxfk_230.000_240.000.wav	Speech	5.540	7.680
YpAG3mZgGxfk_230.000_240.000.wav	Speech	7.900	9.740
YpAG3mZgGxfk_230.000_240.000.wav	Blender	2.840	3.580
YpAG3mZgGxfk_230.000_240.000.wav	Blender	3.700	3.860
YpAG3mZgGxfk_230.000_240.000.wav	Blender	5.280	5.480
YpAG3mZgGxfk_230.000_240.000.wav	Blender	7.760	7.860
YIBGfcPIw-KY_0.000_10.000.wav	Dog	0.940	10.020
YBDCa5Q1hGug_0.000_10.000.wav	Alarm_bell_ringing	3.680	5.080
YBDCa5Q1hGug_0.000_10.000.wav	Alarm_bell_ringing	5.800	7.060
YBDCa5Q1hGug_0.000_10.000.wav	Alarm_bell_ringing	7.520	7.600
Y18HRNQyo9mg_25.000_35.000.wav	Speech	5.200	8.380
Y18HRNQyo9mg_25.000_35.000.wav	Cat	0.000	5.220
Y2peFmuYqSDo_60.000_70.000.wav	Dog	5.600	5.820
Y2peFmuYqSDo_60.000_70.000.wav	Dog	5.960	6.140
YR3_Gqgl-NYE_50.000_60.000.wav	Dishes	0.480	10.020
YR3_Gqgl-NYE_50.000_60.000.wav	Frying	0.060	9.900
YR3_Gqgl-NYE_50.000_60.000.wav	Frying	9.940	10.020
Ysgkwq9a7mgU_0.000_10.000.wav	Speech	6.720	6.880
Ysgkwq9a7mgU_0.000_10.000.wav	Speech	7.280	7.360
Ysgkwq9a7mgU_0.000_10.000.wav	Speech	9.380	9.700
Ysgkwq9a7mgU_0.000_10.000.wav	Dog	7.680	7.840
Ysgkwq9a7mgU_0.000_10.000.wav	Running_water	1.260	4.580
Y7MXamVgKszI_30.000_40.000.wav	Cat	0.000	6.580
YB5u3PG7PWDE_30.000_40.000.wav	Vacuum_cleaner	0.020	9.940
YrlifD4ysMrM_60.000_70.000.wav	Speech	0.780	10.020
YrlifD4ysMrM_60.000_70.000.wav	Blender	0.040	0.760
YBAcOXGA5Na8_30.000_40.000.wav	Speech	0.960	1.620
YBAcOXGA5Na8_30.000_40.000.wav	Speech	9.520	10.020
YBAcOXGA5Na8_30.000_40.000.wav	Blender	0.060	0.920
YBAcOXGA5Na8_30.000_40.000.wav	Blender	1.600	2.420
YBAcOXGA5Na8_30.000_40.000.wav	Blender	2.440	2.480
YBAcOXGA5Na8_30.000_40.000.wav	Blender	3.180	3.420
YBAcOXGA5Na8_30.000_40.000.wav	Blender	4.640	4.700
YBAcOXGA5Na8_30.000_40.000.wav	Blender	5.720	6.680
YBAcOXGA5Na8_30.000_40.000.wav	Blender	6.700	6.840
YBAcOXGA5Na8_30.000_40.000.wav	Blender	7.040	9.280
Y-A3zsFeU_OI_30.000_40.000.wav	Speech	0.000	0.920
Y-A3zsFeU_OI_30.000_40.000.wav	Dog	1.580	10.020
YBiNbPvdPthY_30.000_40.000.wav	Dog	0.300	10.020
YAm5GHLnpl44_30.000_40.000.wav	Speech	0.340	0.520
YAm5GHLnpl44_30.000_40.000.wav	Speech	0.960	3.900
YAm5GHLnpl44_30.000_40.000.wav	Speech	4.320	10.020
YAm5GHLnpl44_30.000_40.000.wav	Dishes	0.060	1.140
YAm5GHLnpl44_30.000_40.000.wav	Frying	0.000	0.360
YAm5GHLnpl44_30.000_40.000.wav	Frying	0.480	0.940
YaHKqFDRglTM_10.000_20.000.wav	Alarm_bell_ringing	0.020	9.840
YcYS85XxZMuE_120.000_130.000.wav	Speech	0.000	5.160
YcYS85XxZMuE_120.000_130.000.wav	Speech	5.340	6.980
YcYS85XxZMuE_120.000_130.000.wav	Speech	7.140	7.540
YcYS85XxZMuE_120.000_130.000.wav	Speech	8.440	9.320
YcYS85XxZMuE_120.000_130.000.wav	Dishes	7.720	8.460
YcYS85XxZMuE_120.000_130.000.wav	Frying	7.580	8.460
YcYS85XxZMuE_120.000_130.000.wav	Frying	9.500	9.560
YcYS85XxZMuE_120.000_130.000.wav	Frying	9.640	10.020
YUC3J31Brgnw_22.000_32.000.wav	Speech	5.400	6.040
YUC3J31Brgnw_22.000_32.000.wav	Speech	6.080	6.320
YUC3J31Brgnw_22.000_32.000.wav	Speech	7.420	7.620
YUC3J31Brgnw_22.000_32.000.wav	Speech	7.640	7.700
YUC3J31Brgnw_22.000_32.000.wav	Running_water	8.000	8.060
YVqxBVNBNaLc_160.000_170.000.wav	Speech	0.560	0.720
YVqxBVNBNaLc_160.000_170.000.wav	Speech	0.740	0.820
YVqxBVNBNaLc_160.000_170.000.wav	Blender	1.180	9.900
Y2tBRn4xKmzM_30.000_40.000.wav	Speech	4.160	5.160
Y2tBRn4xKmzM_30.000_40.000.wav	Speech	5.420	10.000
Y2tBRn4xKmzM_30.000_40.000.wav	Dishes	1.500	3.020
Y2tBRn4xKmzM_30.000_40.000.wav	Dishes	3.060	4.100
Y2tBRn4xKmzM_30.000_40.000.wav	Dishes	5.300	5.380
Y6BaCu_ezK4k_300.000_310.000.wav	Speech	1.000	3.320
Y6BaCu_ezK4k_300.000_310.000.wav	Speech	3.520	3.800
Y6BaCu_ezK4k_300.000_310.000.wav	Speech	3.980	5.680
Y6BaCu_ezK4k_300.000_310.000.wav	Speech	7.060	7.860
Y6BaCu_ezK4k_300.000_310.000.wav	Speech	8.060	8.460
Y6BaCu_ezK4k_300.000_310.000.wav	Speech	8.620	9.580
Y6BaCu_ezK4k_300.000_310.000.wav	Speech	9.660	10.020
Y6BaCu_ezK4k_300.000_310.000.wav	Dishes	0.540	0.640
Y6BaCu_ezK4k_300.000_310.000.wav	Dishes	0.660	0.880
Y6BaCu_ezK4k_300.000_310.000.wav	Dishes	3.440	3.580
Y6BaCu_ezK4k_300.000_310.000.wav	Dishes	7.880	8.100
Y6BaCu_ezK4k_300.000_310.000.wav	Dishes	8.520	8.640
Y6BaCu_ezK4k_300.000_310.000.wav	Frying	0.000	1.020
Y6BaCu_ezK4k_300.000_310.000.wav	Frying	3.320	3.620
Y6BaCu_ezK4k_300.000_310.000.wav	Frying	3.800	4.020
Y6BaCu_ezK4k_300.000_310.000.wav	Frying	4.580	4.620
Y6BaCu_ezK4k_300.000_310.000.wav	Frying	5.700	5.920
Y6BaCu_ezK4k_300.000_310.000.wav	Frying	5.980	7.080
Y6BaCu_ezK4k_300.000_310.000.wav	Frying	7.880	8.100
Yf2lVkHEwEgs_150.000_160.000.wav	Speech	0.000	2.000
Yf2lVkHEwEgs_150.000_160.000.wav	Speech	2.060	2.180
Yf2lVkHEwEgs_150.000_160.000.wav	Speech	2.200	2.260
Yf2lVkHEwEgs_150.000_160.000.wav	Speech	2.760	6.180
Yf2lVkHEwEgs_150.000_160.000.wav	Speech	6.760	10.020
Yf2lVkHEwEgs_150.000_160.000.wav	Dishes	1.900	3.020
Yf2lVkHEwEgs_150.000_160.000.wav	Dishes	6.000	6.980
Yf2lVkHEwEgs_150.000_160.000.wav	Frying	2.720	2.800
Y2Ssh4YWMroo_30.000_40.000.wav	Speech	4.460	7.220
Y2Ssh4YWMroo_30.000_40.000.wav	Speech	7.440	7.780
YKRdvyjpQfoI_0.000_10.000.wav	Dog	0.500	10.020
Y8RK1x263Ou0_100.000_110.000.wav	Speech	0.000	2.720
Y8RK1x263Ou0_100.000_110.000.wav	Blender	2.940	3.680
Y8RK1x263Ou0_100.000_110.000.wav	Blender	3.860	3.880
Y8RK1x263Ou0_100.000_110.000.wav	Blender	4.660	4.680
Y8RK1x263Ou0_100.000_110.000.wav	Blender	4.720	7.860
YH3BWUt31xhM_20.000_30.000.wav	Frying	0.200	0.220
YH3BWUt31xhM_20.000_30.000.wav	Frying	0.400	0.500
YH3BWUt31xhM_20.000_30.000.wav	Frying	0.520	1.660
YH3BWUt31xhM_20.000_30.000.wav	Frying	1.680	1.720
YH3BWUt31xhM_20.000_30.000.wav	Frying	1.960	2.400
YH3BWUt31xhM_20.000_30.000.wav	Frying	3.700	3.760
YH3BWUt31xhM_20.000_30.000.wav	Frying	3.900	4.100
YH3BWUt31xhM_20.000_30.000.wav	Frying	4.340	5.280
YH3BWUt31xhM_20.000_30.000.wav	Frying	5.500	5.580
YH3BWUt31xhM_20.000_30.000.wav	Frying	5.840	5.860
YH3BWUt31xhM_20.000_30.000.wav	Running_water	0.020	0.120
YH3BWUt31xhM_20.000_30.000.wav	Running_water	0.140	0.580
YH3BWUt31xhM_20.000_30.000.wav	Running_water	0.700	0.820
YH3BWUt31xhM_20.000_30.000.wav	Running_water	1.160	1.200
YH3BWUt31xhM_20.000_30.000.wav	Running_water	1.320	1.380
YH3BWUt31xhM_20.000_30.000.wav	Running_water	1.500	2.100
YH3BWUt31xhM_20.000_30.000.wav	Running_water	2.180	2.220
YH3BWUt31xhM_20.000_30.000.wav	Running_water	2.280	2.600
YH3BWUt31xhM_20.000_30.000.wav	Running_water	2.640	2.680
YH3BWUt31xhM_20.000_30.000.wav	Running_water	3.140	3.860
YH3BWUt31xhM_20.000_30.000.wav	Running_water	4.120	4.480
YH3BWUt31xhM_20.000_30.000.wav	Running_water	4.520	4.560
YH3BWUt31xhM_20.000_30.000.wav	Running_water	4.660	4.680
YH3BWUt31xhM_20.000_30.000.wav	Running_water	4.720	4.820
YH3BWUt31xhM_20.000_30.000.wav	Running_water	4.940	5.460
YH3BWUt31xhM_20.000_30.000.wav	Running_water	5.560	5.660
YH3BWUt31xhM_20.000_30.000.wav	Running_water	5.700	5.780
YH3BWUt31xhM_20.000_30.000.wav	Running_water	6.020	6.660
YH3BWUt31xhM_20.000_30.000.wav	Running_water	6.740	6.860
YH3BWUt31xhM_20.000_30.000.wav	Running_water	7.020	7.220
YH3BWUt31xhM_20.000_30.000.wav	Running_water	7.360	7.480
YH3BWUt31xhM_20.000_30.000.wav	Running_water	7.580	7.640
YH3BWUt31xhM_20.000_30.000.wav	Running_water	8.360	8.440
YH3BWUt31xhM_20.000_30.000.wav	Running_water	8.500	8.620
YH3BWUt31xhM_20.000_30.000.wav	Running_water	8.680	8.780
YH3BWUt31xhM_20.000_30.000.wav	Running_water	8.820	9.040
YH3BWUt31xhM_20.000_30.000.wav	Running_water	9.140	9.580
YWcPOGKf6RE8_110.000_120.000.wav	Dog	0.080	1.520
YWcPOGKf6RE8_110.000_120.000.wav	Dog	1.560	4.820
YWcPOGKf6RE8_110.000_120.000.wav	Dog	6.000	6.140
YWcPOGKf6RE8_110.000_120.000.wav	Dog	6.720	10.020
YuA3bpAQV_hE_0.000_8.000.wav	Alarm_bell_ringing	2.600	3.200
YuA3bpAQV_hE_0.000_8.000.wav	Alarm_bell_ringing	3.360	6.480
Y7G4IXsu0KtU_72.000_82.000.wav	Speech	0.000	10.020
YmH0qxsxLypw_80.000_90.000.wav	Cat	0.000	10.020
Y-adm_P3xa0s_10.000_20.000.wav	Speech	5.160	6.300
Y-adm_P3xa0s_10.000_20.000.wav	Dishes	6.640	6.660
Y-adm_P3xa0s_10.000_20.000.wav	Dishes	6.700	8.420
Y-adm_P3xa0s_10.000_20.000.wav	Dishes	8.580	9.800
YMC_xbXx2xT4_10.000_20.000.wav	Speech	1.420	1.640
YMC_xbXx2xT4_10.000_20.000.wav	Speech	1.780	1.820
YMC_xbXx2xT4_10.000_20.000.wav	Speech	2.080	2.220
YMC_xbXx2xT4_10.000_20.000.wav	Speech	3.040	3.880
YMC_xbXx2xT4_10.000_20.000.wav	Speech	4.340	4.600
YMC_xbXx2xT4_10.000_20.000.wav	Speech	5.380	9.600
YMC_xbXx2xT4_10.000_20.000.wav	Speech	9.660	9.720
YMC_xbXx2xT4_10.000_20.000.wav	Speech	9.860	9.960
YMC_xbXx2xT4_10.000_20.000.wav	Dog	1.300	1.420
YMC_xbXx2xT4_10.000_20.000.wav	Dog	1.500	3.320
YMC_xbXx2xT4_10.000_20.000.wav	Dog	3.440	3.500
YMC_xbXx2xT4_10.000_20.000.wav	Dog	3.760	3.800
YMC_xbXx2xT4_10.000_20.000.wav	Dog	3.880	4.440
YMC_xbXx2xT4_10.000_20.000.wav	Dog	4.600	4.800
Y20qZLse0acs_30.000_40.000.wav	Speech	9.420	9.720
Y20qZLse0acs_30.000_40.000.wav	Speech	9.860	9.920
Y20qZLse0acs_30.000_40.000.wav	Dog	0.260	9.320
YZtCwrMvS6Eg_20.000_30.000.wav	Speech	0.220	1.440
YZtCwrMvS6Eg_20.000_30.000.wav	Speech	3.680	3.820
YZtCwrMvS6Eg_20.000_30.000.wav	Speech	4.420	5.840
YZtCwrMvS6Eg_20.000_30.000.wav	Speech	6.760	9.960
YZtCwrMvS6Eg_20.000_30.000.wav	Dishes	0.000	0.020
YZtCwrMvS6Eg_20.000_30.000.wav	Dishes	0.060	0.300
YZtCwrMvS6Eg_20.000_30.000.wav	Dishes	1.460	3.780
YZtCwrMvS6Eg_20.000_30.000.wav	Dishes	3.800	4.620
YZtCwrMvS6Eg_20.000_30.000.wav	Dishes	5.980	6.860
Y-qpgeVTesdE_470.000_480.000.wav	Speech	0.000	1.200
Y-qpgeVTesdE_470.000_480.000.wav	Speech	1.260	1.340
Y-jLujkP1aaw_30.000_40.000.wav	Speech	2.100	2.140
Y-jLujkP1aaw_30.000_40.000.wav	Speech	9.460	9.560
Y-jLujkP1aaw_30.000_40.000.wav	Blender	0.840	1.100
Y-jLujkP1aaw_30.000_40.000.wav	Blender	1.120	1.940
Y-jLujkP1aaw_30.000_40.000.wav	Blender	1.960	2.060
Y-jLujkP1aaw_30.000_40.000.wav	Blender	2.180	5.340
Y-jLujkP1aaw_30.000_40.000.wav	Blender	5.380	7.300
Y-jLujkP1aaw_30.000_40.000.wav	Blender	7.480	8.740
Y1GMWn4IxVro_100.000_110.000.wav	Speech	0.120	0.500
Y1GMWn4IxVro_100.000_110.000.wav	Speech	1.940	3.000
Y1GMWn4IxVro_100.000_110.000.wav	Speech	4.180	5.700
Y1GMWn4IxVro_100.000_110.000.wav	Speech	6.260	6.380
Y1GMWn4IxVro_100.000_110.000.wav	Speech	6.960	7.520
Y1GMWn4IxVro_100.000_110.000.wav	Speech	7.740	7.820
Y1GMWn4IxVro_100.000_110.000.wav	Speech	8.060	9.700
Y1GMWn4IxVro_100.000_110.000.wav	Frying	0.540	1.820
Y1GMWn4IxVro_100.000_110.000.wav	Frying	5.820	5.960
Y1GMWn4IxVro_100.000_110.000.wav	Frying	6.420	6.720
Y1GMWn4IxVro_100.000_110.000.wav	Frying	6.820	6.840
Y1GMWn4IxVro_100.000_110.000.wav	Frying	7.920	7.960
Y-2RPPODqLy4_30.000_40.000.wav	Speech	2.560	2.640
Y-2RPPODqLy4_30.000_40.000.wav	Speech	2.660	2.700
Y-2RPPODqLy4_30.000_40.000.wav	Speech	2.840	3.940
Y-2RPPODqLy4_30.000_40.000.wav	Speech	4.240	4.740
Y-2RPPODqLy4_30.000_40.000.wav	Speech	4.940	9.080
Y-2RPPODqLy4_30.000_40.000.wav	Dog	0.320	2.480
Y-2RPPODqLy4_30.000_40.000.wav	Dog	2.520	2.600
Y-2RPPODqLy4_30.000_40.000.wav	Dog	2.640	2.840
Y-2RPPODqLy4_30.000_40.000.wav	Dog	2.860	3.100
Y-2RPPODqLy4_30.000_40.000.wav	Dog	3.400	3.420
Y-2RPPODqLy4_30.000_40.000.wav	Dog	3.480	3.580
Y-2RPPODqLy4_30.000_40.000.wav	Dog	3.760	4.120
Y-2RPPODqLy4_30.000_40.000.wav	Dog	4.160	4.180
Y-2RPPODqLy4_30.000_40.000.wav	Dog	9.200	10.020
YPlGrb1DKbao_130.000_140.000.wav	Dog	0.640	1.320
YPlGrb1DKbao_130.000_140.000.wav	Dog	1.420	2.240
YPlGrb1DKbao_130.000_140.000.wav	Dog	2.420	2.580
YPlGrb1DKbao_130.000_140.000.wav	Cat	6.540	6.660
YPlGrb1DKbao_130.000_140.000.wav	Cat	6.920	6.980
YPlGrb1DKbao_130.000_140.000.wav	Cat	7.120	7.240
Y6Kn4bXCPvaA_30.000_40.000.wav	Cat	0.000	10.020
YG6sxdejGOqw_100.000_110.000.wav	Speech	0.000	0.840
YG6sxdejGOqw_100.000_110.000.wav	Speech	1.640	2.300
YG6sxdejGOqw_100.000_110.000.wav	Speech	2.380	2.440
YG6sxdejGOqw_100.000_110.000.wav	Speech	5.080	5.720
YG6sxdejGOqw_100.000_110.000.wav	Dog	3.540	5.220
YG6sxdejGOqw_100.000_110.000.wav	Dog	5.260	5.340
YG6sxdejGOqw_100.000_110.000.wav	Dog	5.740	6.080
YG6sxdejGOqw_100.000_110.000.wav	Dog	6.100	6.180
YG6sxdejGOqw_100.000_110.000.wav	Dog	6.460	6.580
YG6sxdejGOqw_100.000_110.000.wav	Dog	8.040	8.100
YG6sxdejGOqw_100.000_110.000.wav	Dog	8.280	10.020
YU7WkuGO-lps_20.000_30.000.wav	Speech	7.580	8.780
YU7WkuGO-lps_20.000_30.000.wav	Running_water	0.900	4.000
YU7WkuGO-lps_20.000_30.000.wav	Running_water	4.060	5.020
YU7WkuGO-lps_20.000_30.000.wav	Running_water	5.100	6.500
YU7WkuGO-lps_20.000_30.000.wav	Running_water	6.520	7.160
YUj2Os8tYIIQ_400.000_410.000.wav	Speech	1.320	3.540
YUj2Os8tYIIQ_400.000_410.000.wav	Speech	4.080	4.500
YUj2Os8tYIIQ_400.000_410.000.wav	Speech	7.480	7.560
YUj2Os8tYIIQ_400.000_410.000.wav	Speech	7.660	9.160
YUj2Os8tYIIQ_400.000_410.000.wav	Dishes	4.020	4.060
YUj2Os8tYIIQ_400.000_410.000.wav	Dishes	4.600	7.740
YUj2Os8tYIIQ_400.000_410.000.wav	Frying	3.600	4.100
YUj2Os8tYIIQ_400.000_410.000.wav	Frying	5.560	6.040
YUj2Os8tYIIQ_400.000_410.000.wav	Frying	6.440	6.520
YUj2Os8tYIIQ_400.000_410.000.wav	Frying	6.540	6.860
YUj2Os8tYIIQ_400.000_410.000.wav	Frying	6.940	7.480
Yn0sxrohD_TI_7.000_14.000.wav	Dog	0.120	0.280
Yn0sxrohD_TI_7.000_14.000.wav	Dog	0.460	7.020
Y-k-hxP5eWko_30.000_40.000.wav	Speech	6.800	6.860
Y-k-hxP5eWko_30.000_40.000.wav	Speech	7.040	7.100
Y-k-hxP5eWko_30.000_40.000.wav	Speech	7.320	7.380
Y-k-hxP5eWko_30.000_40.000.wav	Speech	7.940	8.340
Y-k-hxP5eWko_30.000_40.000.wav	Blender	0.000	6.060
Y63xWsWuH-eI_10.000_20.000.wav	Vacuum_cleaner	0.220	9.980
Y4WD_zYTAudo_100.000_110.000.wav	Speech	9.820	10.020
Y4WD_zYTAudo_100.000_110.000.wav	Alarm_bell_ringing	0.660	9.260
Y-4pmCrSdMhg_30.000_40.000.wav	Alarm_bell_ringing	0.540	2.480
Y-4pmCrSdMhg_30.000_40.000.wav	Alarm_bell_ringing	3.660	3.920
YSb0169-lqLs_0.000_9.000.wav	Dog	0.840	1.240
YSb0169-lqLs_0.000_9.000.wav	Dog	2.020	2.820
YSb0169-lqLs_0.000_9.000.wav	Dog	3.640	4.740
YSb0169-lqLs_0.000_9.000.wav	Dog	4.880	4.900
YSb0169-lqLs_0.000_9.000.wav	Dog	4.960	5.900
YSb0169-lqLs_0.000_9.000.wav	Dog	6.080	6.260
YSb0169-lqLs_0.000_9.000.wav	Alarm_bell_ringing	2.840	3.480
YQFnwnAHcttY_30.000_40.000.wav	Speech	2.560	3.460
YQFnwnAHcttY_30.000_40.000.wav	Speech	3.860	4.220
YQFnwnAHcttY_30.000_40.000.wav	Speech	4.320	4.500
YQFnwnAHcttY_30.000_40.000.wav	Speech	4.560	4.840
YQFnwnAHcttY_30.000_40.000.wav	Speech	6.300	7.240
YQFnwnAHcttY_30.000_40.000.wav	Speech	7.680	7.700
YQFnwnAHcttY_30.000_40.000.wav	Blender	1.540	1.780
YQFnwnAHcttY_30.000_40.000.wav	Blender	3.740	3.760
YQFnwnAHcttY_30.000_40.000.wav	Blender	4.240	4.280
YQFnwnAHcttY_30.000_40.000.wav	Blender	4.860	5.100
YQFnwnAHcttY_30.000_40.000.wav	Blender	5.180	6.060
YQFnwnAHcttY_30.000_40.000.wav	Running_water	0.320	1.660
YQFnwnAHcttY_30.000_40.000.wav	Running_water	1.780	2.360
YM_3Mk2nMydQ_30.000_40.000.wav	Vacuum_cleaner	3.000	9.980
Y2KbRYZ3Cp_c_149.000_159.000.wav	Speech	0.000	1.780
Y2KbRYZ3Cp_c_149.000_159.000.wav	Speech	2.460	9.200
Y2KbRYZ3Cp_c_149.000_159.000.wav	Speech	9.720	10.020
Y2KbRYZ3Cp_c_149.000_159.000.wav	Dishes	1.820	2.580
Y2KbRYZ3Cp_c_149.000_159.000.wav	Frying	1.780	2.560
Y2KbRYZ3Cp_c_149.000_159.000.wav	Frying	9.200	9.760
YfZ02KtM1tQQ_30.000_40.000.wav	Alarm_bell_ringing	0.000	10.020
YIIAJof41rNs_0.000_10.000.wav	Cat	0.480	2.500
YIIAJof41rNs_0.000_10.000.wav	Cat	2.600	2.640
YIIAJof41rNs_0.000_10.000.wav	Cat	2.660	2.700
YIIAJof41rNs_0.000_10.000.wav	Cat	2.920	3.180
YIIAJof41rNs_0.000_10.000.wav	Cat	8.660	8.720
YSoYE9FbuU7E_140.000_150.000.wav	Speech	0.000	0.440
YSoYE9FbuU7E_140.000_150.000.wav	Speech	0.560	1.460
YSoYE9FbuU7E_140.000_150.000.wav	Speech	1.580	1.840
YSoYE9FbuU7E_140.000_150.000.wav	Speech	1.940	2.040
YSoYE9FbuU7E_140.000_150.000.wav	Speech	2.120	5.260
YSoYE9FbuU7E_140.000_150.000.wav	Dishes	4.340	4.480
YSoYE9FbuU7E_140.000_150.000.wav	Dishes	5.300	10.020
YSoYE9FbuU7E_140.000_150.000.wav	Frying	5.620	6.000
YSoYE9FbuU7E_140.000_150.000.wav	Frying	6.060	6.460
YSoYE9FbuU7E_140.000_150.000.wav	Frying	6.640	7.040
YSoYE9FbuU7E_140.000_150.000.wav	Frying	7.080	7.420
YSoYE9FbuU7E_140.000_150.000.wav	Frying	7.480	7.920
YSoYE9FbuU7E_140.000_150.000.wav	Frying	8.240	8.320
YSoYE9FbuU7E_140.000_150.000.wav	Frying	8.420	8.440
YSoYE9FbuU7E_140.000_150.000.wav	Frying	8.480	9.660
YSoYE9FbuU7E_140.000_150.000.wav	Frying	9.740	10.020
Yv_7PRrXgkbs_70.000_80.000.wav	Alarm_bell_ringing	2.380	2.540
Yv_7PRrXgkbs_70.000_80.000.wav	Alarm_bell_ringing	2.560	2.600
Yv_7PRrXgkbs_70.000_80.000.wav	Alarm_bell_ringing	8.980	9.100
Y-Cdx8zogHI0_260.000_270.000.wav	Running_water	0.880	0.980
Y-Cdx8zogHI0_260.000_270.000.wav	Running_water	1.100	1.200
Y-Cdx8zogHI0_260.000_270.000.wav	Running_water	1.340	1.540
Y-Cdx8zogHI0_260.000_270.000.wav	Running_water	2.940	2.960
Y-Cdx8zogHI0_260.000_270.000.wav	Running_water	3.060	5.600
Y3gR0QBgrzYQ_20.000_30.000.wav	Vacuum_cleaner	0.000	10.000
Y46t-4NFQ9_w_2.000_12.000.wav	Dog	1.520	1.580
Y46t-4NFQ9_w_2.000_12.000.wav	Cat	0.660	5.080
Y46t-4NFQ9_w_2.000_12.000.wav	Cat	6.480	8.500
Y9nNBz3phufo_40.000_50.000.wav	Dishes	1.420	10.020
Y9nNBz3phufo_40.000_50.000.wav	Running_water	6.840	6.940
YUAhzckt0y3U_30.000_40.000.wav	Dog	0.100	10.020
Y9q9pzXBPGtM_30.000_40.000.wav	Cat	6.700	9.320
Y9q9pzXBPGtM_30.000_40.000.wav	Alarm_bell_ringing	0.180	4.540
Y2yX9079mMB4_3.000_13.000.wav	Speech	0.900	1.160
Y2yX9079mMB4_3.000_13.000.wav	Speech	6.540	8.480
Y2yX9079mMB4_3.000_13.000.wav	Speech	8.860	10.020
Y2yX9079mMB4_3.000_13.000.wav	Cat	1.600	6.060
YvT8a_9ZDMH4_240.000_250.000.wav	Speech	0.000	0.320
YvT8a_9ZDMH4_240.000_250.000.wav	Speech	1.140	10.020
YvT8a_9ZDMH4_240.000_250.000.wav	Dishes	0.840	1.180
YvT8a_9ZDMH4_240.000_250.000.wav	Frying	0.360	1.180
YSkPEiTqLlf0_30.000_40.000.wav	Dog	0.000	10.020
YSkPEiTqLlf0_30.000_40.000.wav	Alarm_bell_ringing	8.660	8.840
YSkPEiTqLlf0_30.000_40.000.wav	Alarm_bell_ringing	8.880	8.900
YSkPEiTqLlf0_30.000_40.000.wav	Alarm_bell_ringing	8.920	9.120
YpTeGV9qRyL8_210.000_220.000.wav	Speech	7.280	9.800
YpTeGV9qRyL8_210.000_220.000.wav	Dishes	0.420	7.340
YpTeGV9qRyL8_210.000_220.000.wav	Frying	0.000	7.320
Y2gvw16YDwMA_30.000_40.000.wav	Dog	0.360	0.440
Y2gvw16YDwMA_30.000_40.000.wav	Dog	2.260	2.400
Y2gvw16YDwMA_30.000_40.000.wav	Dog	2.440	2.580
Y2gvw16YDwMA_30.000_40.000.wav	Dog	2.760	6.040
Y2gvw16YDwMA_30.000_40.000.wav	Dog	6.180	6.660
Y2gvw16YDwMA_30.000_40.000.wav	Dog	7.280	9.620
Y2gvw16YDwMA_30.000_40.000.wav	Dog	10.000	10.020
YHpA4ldGoHRQ_24.000_34.000.wav	Cat	6.300	8.120
YHpA4ldGoHRQ_24.000_34.000.wav	Running_water	0.000	3.320
Yd_3P7vuZwUY_190.000_200.000.wav	Dishes	0.000	0.040
Yd_3P7vuZwUY_190.000_200.000.wav	Dishes	0.500	10.020
Yh9vUucEhRN4_90.000_100.000.wav	Cat	0.000	10.020
Y5ixvBFzG0kc_28.000_38.000.wav	Dog	3.140	9.000
Y5ixvBFzG0kc_28.000_38.000.wav	Dog	9.120	9.160
Y5ixvBFzG0kc_28.000_38.000.wav	Dog	9.360	9.380
Y4lqUgzaykg8_160.000_170.000.wav	Speech	0.000	0.500
Y4lqUgzaykg8_160.000_170.000.wav	Speech	1.660	2.880
Y4lqUgzaykg8_160.000_170.000.wav	Dishes	1.420	1.460
Y4lqUgzaykg8_160.000_170.000.wav	Dishes	3.000	5.280
YreGGOP8tYLU_0.000_10.000.wav	Speech	0.000	1.120
YreGGOP8tYLU_0.000_10.000.wav	Speech	1.540	1.860
YreGGOP8tYLU_0.000_10.000.wav	Speech	2.380	2.800
YreGGOP8tYLU_0.000_10.000.wav	Speech	4.360	5.120
YreGGOP8tYLU_0.000_10.000.wav	Speech	7.780	9.560
YreGGOP8tYLU_0.000_10.000.wav	Dishes	2.940	4.480
YreGGOP8tYLU_0.000_10.000.wav	Dishes	5.080	7.980
Y9cAeyIVi67U_20.000_30.000.wav	Speech	2.040	3.360
Y9cAeyIVi67U_20.000_30.000.wav	Speech	7.060	10.020
Yn5jbdl4kk-0_100.000_110.000.wav	Speech	6.960	7.120
Yn5jbdl4kk-0_100.000_110.000.wav	Speech	7.320	7.380
Yn5jbdl4kk-0_100.000_110.000.wav	Speech	8.620	8.680
Yn5jbdl4kk-0_100.000_110.000.wav	Speech	9.660	9.980
Yn5jbdl4kk-0_100.000_110.000.wav	Vacuum_cleaner	0.300	0.580
Yn5jbdl4kk-0_100.000_110.000.wav	Vacuum_cleaner	0.640	1.620
Yn5jbdl4kk-0_100.000_110.000.wav	Vacuum_cleaner	1.720	2.620
Yn5jbdl4kk-0_100.000_110.000.wav	Vacuum_cleaner	4.300	4.380
Yn5jbdl4kk-0_100.000_110.000.wav	Vacuum_cleaner	4.440	4.660
Yn5jbdl4kk-0_100.000_110.000.wav	Vacuum_cleaner	4.780	6.140
YT37iu1iSh1s_410.000_420.000.wav	Speech	0.000	3.360
YT37iu1iSh1s_410.000_420.000.wav	Speech	3.500	7.000
YT37iu1iSh1s_410.000_420.000.wav	Speech	8.480	10.020
YT37iu1iSh1s_410.000_420.000.wav	Dishes	7.080	8.540
YT37iu1iSh1s_410.000_420.000.wav	Frying	7.100	8.520
Yf1t07gkcfR8_110.000_120.000.wav	Dishes	1.940	2.360
Yf1t07gkcfR8_110.000_120.000.wav	Dishes	2.400	2.840
Yf1t07gkcfR8_110.000_120.000.wav	Dishes	2.860	2.880
Yf1t07gkcfR8_110.000_120.000.wav	Dishes	7.960	8.000
Yf1t07gkcfR8_110.000_120.000.wav	Dishes	8.160	8.220
Yf1t07gkcfR8_110.000_120.000.wav	Dishes	9.040	9.500
Yf1t07gkcfR8_110.000_120.000.wav	Running_water	5.420	6.860
Yf1t07gkcfR8_110.000_120.000.wav	Running_water	6.900	7.420
Yf1t07gkcfR8_110.000_120.000.wav	Running_water	7.700	7.780
Yf1t07gkcfR8_110.000_120.000.wav	Running_water	8.000	8.060
YNgBE9eFXXxA_0.000_10.000.wav	Alarm_bell_ringing	3.540	10.020
Y4P0lThY7Bnk_30.000_40.000.wav	Speech	0.260	1.380
Y4P0lThY7Bnk_30.000_40.000.wav	Speech	1.660	1.900
Y4P0lThY7Bnk_30.000_40.000.wav	Speech	2.340	3.120
Y4P0lThY7Bnk_30.000_40.000.wav	Speech	4.680	4.980
Y4P0lThY7Bnk_30.000_40.000.wav	Speech	5.500	7.340
Y4P0lThY7Bnk_30.000_40.000.wav	Speech	8.860	9.620
Y4P0lThY7Bnk_30.000_40.000.wav	Running_water	7.620	8.520
Y4P0lThY7Bnk_30.000_40.000.wav	Running_water	8.600	8.680
Y89-cWFtXz_U_270.000_280.000.wav	Dog	1.440	1.660
Y89-cWFtXz_U_270.000_280.000.wav	Dog	2.240	10.020
Y89-cWFtXz_U_270.000_280.000.wav	Alarm_bell_ringing	0.000	1.140
Y89-cWFtXz_U_270.000_280.000.wav	Alarm_bell_ringing	2.600	2.720
Y89-cWFtXz_U_270.000_280.000.wav	Alarm_bell_ringing	4.220	4.480
YNjIBZKo4jUc_70.000_80.000.wav	Speech	3.680	6.780
YNjIBZKo4jUc_70.000_80.000.wav	Speech	8.020	8.580
YNjIBZKo4jUc_70.000_80.000.wav	Speech	9.540	10.020
YNjIBZKo4jUc_70.000_80.000.wav	Blender	1.080	2.860
Y3qesirWAGt4_20.000_30.000.wav	Dog	0.620	2.800
Y3qesirWAGt4_20.000_30.000.wav	Dog	2.960	3.180
Y3qesirWAGt4_20.000_30.000.wav	Dog	4.880	5.160
Y3qesirWAGt4_20.000_30.000.wav	Dog	5.180	10.020
Yt1gy3Du69vw_320.000_330.000.wav	Speech	0.000	2.780
Yt1gy3Du69vw_320.000_330.000.wav	Speech	3.080	3.980
Yt1gy3Du69vw_320.000_330.000.wav	Speech	4.500	6.580
Yt1gy3Du69vw_320.000_330.000.wav	Speech	7.040	7.840
Yt1gy3Du69vw_320.000_330.000.wav	Speech	8.240	9.580
Yt1gy3Du69vw_320.000_330.000.wav	Dishes	4.060	4.540
Yt1gy3Du69vw_320.000_330.000.wav	Dishes	6.600	7.100
Yt1gy3Du69vw_320.000_330.000.wav	Dishes	7.840	8.340
Yt1gy3Du69vw_320.000_330.000.wav	Frying	2.860	3.100
Yt1gy3Du69vw_320.000_330.000.wav	Frying	4.020	4.540
Yt1gy3Du69vw_320.000_330.000.wav	Frying	6.560	7.100
Yt1gy3Du69vw_320.000_330.000.wav	Frying	7.820	8.300
Yt1gy3Du69vw_320.000_330.000.wav	Frying	9.700	10.020
YwqfXKhIzSNo_110.000_120.000.wav	Speech	0.000	0.840
YwqfXKhIzSNo_110.000_120.000.wav	Speech	5.120	9.440
YwqfXKhIzSNo_110.000_120.000.wav	Speech	9.820	9.860
YwqfXKhIzSNo_110.000_120.000.wav	Blender	0.940	1.140
YwqfXKhIzSNo_110.000_120.000.wav	Blender	1.280	1.660
YwqfXKhIzSNo_110.000_120.000.wav	Blender	1.780	1.880
YwqfXKhIzSNo_110.000_120.000.wav	Blender	1.940	3.980
YwqfXKhIzSNo_110.000_120.000.wav	Blender	4.040	4.380
Y0dXtmlR1Lm0_30.000_40.000.wav	Speech	6.040	6.120
Y0dXtmlR1Lm0_30.000_40.000.wav	Dog	0.200	10.020
Y6A9tDfvsZC0_30.000_40.000.wav	Alarm_bell_ringing	0.020	10.000
YYYgdY9YrVBs_340.000_350.000.wav	Running_water	3.120	8.160
Y-bNJ9olw-OE_540.000_550.000.wav	Speech	0.080	0.220
Y-bNJ9olw-OE_540.000_550.000.wav	Speech	4.840	5.840
Y-bNJ9olw-OE_540.000_550.000.wav	Speech	6.000	6.120
Y-bNJ9olw-OE_540.000_550.000.wav	Speech	6.200	6.400
Y-bNJ9olw-OE_540.000_550.000.wav	Speech	6.860	6.900
Y-bNJ9olw-OE_540.000_550.000.wav	Speech	7.040	7.540
Y-bNJ9olw-OE_540.000_550.000.wav	Speech	8.040	10.020
Y-bNJ9olw-OE_540.000_550.000.wav	Electric_shaver_toothbrush	0.200	4.860
Y-bNJ9olw-OE_540.000_550.000.wav	Electric_shaver_toothbrush	6.160	6.240
Y2wBXDZaCJ3Q_390.000_400.000.wav	Speech	0.000	0.160
Y2wBXDZaCJ3Q_390.000_400.000.wav	Speech	7.260	10.020
Y2wBXDZaCJ3Q_390.000_400.000.wav	Running_water	0.260	6.380
YDTyjtZZRKH8_30.000_40.000.wav	Speech	2.480	2.620
YDTyjtZZRKH8_30.000_40.000.wav	Speech	3.620	3.780
YDTyjtZZRKH8_30.000_40.000.wav	Running_water	6.220	10.020
YUoelVWyciuE_10.000_20.000.wav	Cat	0.000	9.720
YUoelVWyciuE_10.000_20.000.wav	Cat	9.980	10.020
YDV9DC4wwhfo_50.000_60.000.wav	Speech	2.620	3.640
YDV9DC4wwhfo_50.000_60.000.wav	Speech	3.920	6.340
YDV9DC4wwhfo_50.000_60.000.wav	Dishes	0.340	2.760
YDV9DC4wwhfo_50.000_60.000.wav	Dishes	3.680	4.060
YDV9DC4wwhfo_50.000_60.000.wav	Dishes	6.360	10.020
YDV9DC4wwhfo_50.000_60.000.wav	Frying	7.400	7.480
YDV9DC4wwhfo_50.000_60.000.wav	Frying	7.600	7.640
YDV9DC4wwhfo_50.000_60.000.wav	Frying	7.720	7.980
YDV9DC4wwhfo_50.000_60.000.wav	Frying	8.140	8.600
YDV9DC4wwhfo_50.000_60.000.wav	Frying	8.780	8.840
YDV9DC4wwhfo_50.000_60.000.wav	Frying	9.240	9.260
YDV9DC4wwhfo_50.000_60.000.wav	Frying	9.300	9.320
YDV9DC4wwhfo_50.000_60.000.wav	Frying	9.900	9.940
YUlOEjgkNdMU_10.000_20.000.wav	Dog	0.040	10.020
YdN7ZWYBJeUE_40.000_50.000.wav	Vacuum_cleaner	0.060	9.840
Y-ZJqu_4zLMc_30.000_40.000.wav	Speech	0.000	0.480
Y-ZJqu_4zLMc_30.000_40.000.wav	Speech	3.560	5.000
YdweVBqei9LA_160.000_170.000.wav	Running_water	8.880	9.100
YdweVBqei9LA_160.000_170.000.wav	Vacuum_cleaner	0.400	0.480
YdweVBqei9LA_160.000_170.000.wav	Vacuum_cleaner	1.820	1.900
YdweVBqei9LA_160.000_170.000.wav	Vacuum_cleaner	2.800	2.840
Y39IZIbmQPzA_40.000_50.000.wav	Speech	8.960	10.020
Y39IZIbmQPzA_40.000_50.000.wav	Dog	0.340	4.800
Y39IZIbmQPzA_40.000_50.000.wav	Dog	6.560	6.640
Y39IZIbmQPzA_40.000_50.000.wav	Dog	6.660	9.020
Y4VSHxW4Bepo_48.000_58.000.wav	Speech	1.720	1.860
Y4VSHxW4Bepo_48.000_58.000.wav	Speech	2.220	2.300
Y4VSHxW4Bepo_48.000_58.000.wav	Speech	2.380	2.400
Y4VSHxW4Bepo_48.000_58.000.wav	Speech	5.400	6.560
Y4VSHxW4Bepo_48.000_58.000.wav	Dishes	9.000	9.060
Y4VSHxW4Bepo_48.000_58.000.wav	Frying	9.200	9.520
Y4VSHxW4Bepo_48.000_58.000.wav	Running_water	0.040	1.720
Y4VSHxW4Bepo_48.000_58.000.wav	Running_water	9.500	10.020
YhykPnezhLZs_20.000_30.000.wav	Speech	0.020	0.200
YhykPnezhLZs_20.000_30.000.wav	Speech	0.240	0.400
YhykPnezhLZs_20.000_30.000.wav	Blender	2.120	2.500
YhykPnezhLZs_20.000_30.000.wav	Blender	2.580	3.080
YhykPnezhLZs_20.000_30.000.wav	Blender	3.900	4.020
YhykPnezhLZs_20.000_30.000.wav	Running_water	4.760	10.020
Yl78ooOwvRyY_0.000_6.000.wav	Dog	0.880	5.200
YIlqOpkmy4C0_11.000_21.000.wav	Alarm_bell_ringing	0.120	0.720
YIlqOpkmy4C0_11.000_21.000.wav	Alarm_bell_ringing	0.980	9.120
YDqCSTZYskfM_140.000_150.000.wav	Speech	2.020	3.640
YDqCSTZYskfM_140.000_150.000.wav	Electric_shaver_toothbrush	0.000	2.080
YDqCSTZYskfM_140.000_150.000.wav	Electric_shaver_toothbrush	3.620	9.880
Y5b6lStP8UXE_380.000_390.000.wav	Speech	0.220	0.500
Y5b6lStP8UXE_380.000_390.000.wav	Speech	0.800	0.940
Y5b6lStP8UXE_380.000_390.000.wav	Dog	2.900	2.920
Y5b6lStP8UXE_380.000_390.000.wav	Dog	3.160	3.300
Y5b6lStP8UXE_380.000_390.000.wav	Dog	3.340	3.860
Y5b6lStP8UXE_380.000_390.000.wav	Dog	3.960	4.140
Y5b6lStP8UXE_380.000_390.000.wav	Dog	4.160	10.020
Y077aWlQn6XI_30.000_40.000.wav	Speech	1.080	1.380
Y077aWlQn6XI_30.000_40.000.wav	Speech	4.040	4.980
Y077aWlQn6XI_30.000_40.000.wav	Speech	6.560	6.620
Y077aWlQn6XI_30.000_40.000.wav	Speech	6.800	7.440
Y077aWlQn6XI_30.000_40.000.wav	Speech	9.860	9.940
Y077aWlQn6XI_30.000_40.000.wav	Blender	0.000	1.160
Y077aWlQn6XI_30.000_40.000.wav	Blender	1.340	3.980
Y077aWlQn6XI_30.000_40.000.wav	Blender	4.900	6.520
Y077aWlQn6XI_30.000_40.000.wav	Blender	6.620	6.740
Y077aWlQn6XI_30.000_40.000.wav	Blender	7.360	9.840
YTpX4tu7GrUw_90.000_100.000.wav	Running_water	0.000	6.100
YTpX4tu7GrUw_90.000_100.000.wav	Running_water	6.220	6.340
YTpX4tu7GrUw_90.000_100.000.wav	Running_water	6.480	7.100
Y-TN-8OnbpPQ_170.000_180.000.wav	Speech	0.000	2.440
Y-TN-8OnbpPQ_170.000_180.000.wav	Speech	8.300	9.960
Y-TN-8OnbpPQ_170.000_180.000.wav	Speech	10.000	10.020
Y-TN-8OnbpPQ_170.000_180.000.wav	Electric_shaver_toothbrush	3.040	7.020
YzTyDJurqO-Q_200.000_210.000.wav	Speech	0.000	2.100
YzTyDJurqO-Q_200.000_210.000.wav	Speech	3.040	3.200
YzTyDJurqO-Q_200.000_210.000.wav	Speech	4.440	4.680
YzTyDJurqO-Q_200.000_210.000.wav	Speech	4.820	5.160
YzTyDJurqO-Q_200.000_210.000.wav	Speech	5.420	5.560
YzTyDJurqO-Q_200.000_210.000.wav	Speech	5.640	6.300
YzTyDJurqO-Q_200.000_210.000.wav	Speech	6.440	6.720
YzTyDJurqO-Q_200.000_210.000.wav	Speech	7.900	8.940
YzTyDJurqO-Q_200.000_210.000.wav	Speech	9.120	9.420
YzTyDJurqO-Q_200.000_210.000.wav	Speech	9.560	10.020
YzTyDJurqO-Q_200.000_210.000.wav	Dishes	5.620	5.640
YzTyDJurqO-Q_200.000_210.000.wav	Frying	2.680	3.060
YzTyDJurqO-Q_200.000_210.000.wav	Frying	3.240	3.700
YzTyDJurqO-Q_200.000_210.000.wav	Frying	3.740	3.800
YzTyDJurqO-Q_200.000_210.000.wav	Frying	3.840	4.440
YzTyDJurqO-Q_200.000_210.000.wav	Frying	4.680	4.880
YzTyDJurqO-Q_200.000_210.000.wav	Frying	5.160	5.460
YzTyDJurqO-Q_200.000_210.000.wav	Frying	5.560	5.700
YzTyDJurqO-Q_200.000_210.000.wav	Frying	6.160	6.200
YzTyDJurqO-Q_200.000_210.000.wav	Frying	6.320	6.480
YzTyDJurqO-Q_200.000_210.000.wav	Frying	6.720	6.780
YzTyDJurqO-Q_200.000_210.000.wav	Frying	6.820	7.940
YLYHc-tF4upI_70.000_80.000.wav	Electric_shaver_toothbrush	0.000	8.940
YmBj0IJhv2hM_142.000_152.000.wav	Speech	0.400	1.220
YmBj0IJhv2hM_142.000_152.000.wav	Speech	2.940	4.940
YmBj0IJhv2hM_142.000_152.000.wav	Speech	8.460	9.240
YmBj0IJhv2hM_142.000_152.000.wav	Dishes	5.200	5.220
YmBj0IJhv2hM_142.000_152.000.wav	Dishes	5.840	7.180
YMr2kGT6i7e4_20.000_30.000.wav	Speech	0.000	0.500
YMr2kGT6i7e4_20.000_30.000.wav	Speech	4.320	5.600
YMr2kGT6i7e4_20.000_30.000.wav	Speech	6.560	8.360
YMr2kGT6i7e4_20.000_30.000.wav	Speech	8.620	10.020
YMr2kGT6i7e4_20.000_30.000.wav	Electric_shaver_toothbrush	0.660	2.580
YWVIsVp-7Jjc_19.000_29.000.wav	Alarm_bell_ringing	0.000	0.020
YWVIsVp-7Jjc_19.000_29.000.wav	Alarm_bell_ringing	0.060	10.020
Y5d4CaV5W8JU_290.000_300.000.wav	Speech	3.360	3.700
Y5d4CaV5W8JU_290.000_300.000.wav	Speech	5.180	6.720
Y5d4CaV5W8JU_290.000_300.000.wav	Speech	7.680	8.040
Y5d4CaV5W8JU_290.000_300.000.wav	Speech	8.160	8.560
Y5d4CaV5W8JU_290.000_300.000.wav	Speech	8.740	9.240
Y5d4CaV5W8JU_290.000_300.000.wav	Speech	9.440	10.020
Y5d4CaV5W8JU_290.000_300.000.wav	Dishes	0.680	2.180
Y5d4CaV5W8JU_290.000_300.000.wav	Dishes	2.260	2.300
Y5d4CaV5W8JU_290.000_300.000.wav	Dishes	4.260	4.580
Y5d4CaV5W8JU_290.000_300.000.wav	Dishes	4.660	5.180
Y5d4CaV5W8JU_290.000_300.000.wav	Frying	0.000	3.380
Y5d4CaV5W8JU_290.000_300.000.wav	Frying	3.720	5.220
Y5d4CaV5W8JU_290.000_300.000.wav	Frying	6.740	7.700
Y5d4CaV5W8JU_290.000_300.000.wav	Frying	8.080	8.140
Y5d4CaV5W8JU_290.000_300.000.wav	Frying	8.580	8.760
Y5d4CaV5W8JU_290.000_300.000.wav	Frying	9.260	9.460
Y-Wd5YV97ftU_320.000_330.000.wav	Blender	1.160	3.760
Y-Wd5YV97ftU_320.000_330.000.wav	Blender	3.840	9.820
Y6FUmapkqPn0_80.000_90.000.wav	Cat	0.000	10.020
YLcDOdDo-Nwg_30.000_40.000.wav	Dog	3.420	3.460
YLcDOdDo-Nwg_30.000_40.000.wav	Dog	5.040	5.160
YLcDOdDo-Nwg_30.000_40.000.wav	Dog	6.620	6.860
YLcDOdDo-Nwg_30.000_40.000.wav	Dog	7.420	7.460
YLcDOdDo-Nwg_30.000_40.000.wav	Dog	7.620	8.060
YF7UpJnEONHk_30.000_40.000.wav	Speech	0.400	1.080
YF7UpJnEONHk_30.000_40.000.wav	Speech	1.160	1.360
YF7UpJnEONHk_30.000_40.000.wav	Speech	1.440	1.460
YF7UpJnEONHk_30.000_40.000.wav	Speech	1.620	4.020
YF7UpJnEONHk_30.000_40.000.wav	Speech	6.300	7.680
YF7UpJnEONHk_30.000_40.000.wav	Speech	7.760	8.160
YF7UpJnEONHk_30.000_40.000.wav	Speech	8.480	10.020
YF7UpJnEONHk_30.000_40.000.wav	Blender	0.040	0.160
YF7UpJnEONHk_30.000_40.000.wav	Blender	0.260	0.300
YF7UpJnEONHk_30.000_40.000.wav	Blender	1.340	1.520
YF7UpJnEONHk_30.000_40.000.wav	Blender	4.320	6.260
YF7UpJnEONHk_30.000_40.000.wav	Blender	8.140	8.280
YvsDTdpTIIMM_70.000_80.000.wav	Speech	1.860	1.980
YvsDTdpTIIMM_70.000_80.000.wav	Speech	2.060	2.940
YvsDTdpTIIMM_70.000_80.000.wav	Speech	3.040	4.560
YvsDTdpTIIMM_70.000_80.000.wav	Speech	4.640	4.880
YvsDTdpTIIMM_70.000_80.000.wav	Speech	5.740	5.800
YvsDTdpTIIMM_70.000_80.000.wav	Speech	6.080	6.180
YvsDTdpTIIMM_70.000_80.000.wav	Speech	9.680	10.020
YvsDTdpTIIMM_70.000_80.000.wav	Blender	0.000	2.060
YvsDTdpTIIMM_70.000_80.000.wav	Blender	2.380	2.480
YvsDTdpTIIMM_70.000_80.000.wav	Blender	2.860	3.060
YvsDTdpTIIMM_70.000_80.000.wav	Blender	4.320	4.740
YvsDTdpTIIMM_70.000_80.000.wav	Blender	4.780	9.120
YeCAemGkLJxk_150.000_160.000.wav	Speech	0.000	2.880
YeCAemGkLJxk_150.000_160.000.wav	Speech	3.380	6.600
YeCAemGkLJxk_150.000_160.000.wav	Speech	6.860	7.620
YeCAemGkLJxk_150.000_160.000.wav	Speech	9.480	10.020
YeCAemGkLJxk_150.000_160.000.wav	Blender	8.260	9.320
YbUDfTkJCg0o_20.000_30.000.wav	Speech	0.240	3.520
YbUDfTkJCg0o_20.000_30.000.wav	Speech	3.540	3.620
YbUDfTkJCg0o_20.000_30.000.wav	Speech	3.680	3.700
YbUDfTkJCg0o_20.000_30.000.wav	Speech	3.780	4.060
YbUDfTkJCg0o_20.000_30.000.wav	Speech	6.240	6.800
YbUDfTkJCg0o_20.000_30.000.wav	Speech	7.040	7.760
YbUDfTkJCg0o_20.000_30.000.wav	Speech	8.360	9.000
YbUDfTkJCg0o_20.000_30.000.wav	Speech	9.060	9.900
YbUDfTkJCg0o_20.000_30.000.wav	Dishes	0.000	0.300
YbUDfTkJCg0o_20.000_30.000.wav	Dishes	3.080	3.160
YbUDfTkJCg0o_20.000_30.000.wav	Dishes	3.500	3.900
YbUDfTkJCg0o_20.000_30.000.wav	Dishes	4.000	6.440
YbUDfTkJCg0o_20.000_30.000.wav	Dishes	6.780	7.160
YbUDfTkJCg0o_20.000_30.000.wav	Dishes	7.760	8.400
YbUDfTkJCg0o_20.000_30.000.wav	Dishes	9.940	10.020
YbUDfTkJCg0o_20.000_30.000.wav	Frying	0.000	0.280
YbUDfTkJCg0o_20.000_30.000.wav	Frying	3.080	3.140
YbUDfTkJCg0o_20.000_30.000.wav	Frying	3.500	3.560
YbUDfTkJCg0o_20.000_30.000.wav	Frying	3.620	3.860
YbUDfTkJCg0o_20.000_30.000.wav	Frying	4.040	6.320
YbUDfTkJCg0o_20.000_30.000.wav	Frying	6.780	7.140
YbUDfTkJCg0o_20.000_30.000.wav	Frying	7.740	8.420
YbUDfTkJCg0o_20.000_30.000.wav	Frying	9.040	9.100
YbSxca8xb-Fs_10.000_20.000.wav	Blender	0.060	3.400
Y6mEVsmeDknA_30.000_40.000.wav	Cat	0.000	10.020
YNKfyi7q0JNU_30.000_40.000.wav	Speech	0.000	0.520
YNKfyi7q0JNU_30.000_40.000.wav	Dog	0.640	10.020
Yzh4tznWde1M_330.000_340.000.wav	Cat	0.000	0.020
Yzh4tznWde1M_330.000_340.000.wav	Cat	0.660	1.600
Yzh4tznWde1M_330.000_340.000.wav	Cat	1.900	9.700
Yzh4tznWde1M_330.000_340.000.wav	Cat	10.000	10.020
Y5zpubyVa1D0_270.000_280.000.wav	Speech	0.000	0.620
Y5zpubyVa1D0_270.000_280.000.wav	Speech	3.200	4.700
Y5zpubyVa1D0_270.000_280.000.wav	Speech	7.120	10.020
Y5zpubyVa1D0_270.000_280.000.wav	Dishes	1.700	3.260
Y5zpubyVa1D0_270.000_280.000.wav	Frying	1.100	1.140
Y5zpubyVa1D0_270.000_280.000.wav	Frying	1.280	3.180
Y5zpubyVa1D0_270.000_280.000.wav	Running_water	4.920	4.960
Y5zpubyVa1D0_270.000_280.000.wav	Running_water	5.040	5.640
YwAl_7IDYfVc_160.000_170.000.wav	Speech	0.240	0.740
YwAl_7IDYfVc_160.000_170.000.wav	Speech	1.180	1.280
YwAl_7IDYfVc_160.000_170.000.wav	Blender	4.540	7.620
YwAl_7IDYfVc_160.000_170.000.wav	Blender	7.720	8.220
YW7gn2todzbg_30.000_40.000.wav	Alarm_bell_ringing	0.000	1.900
Yyu3ov27D928_30.000_40.000.wav	Vacuum_cleaner	0.160	0.600
Yyu3ov27D928_30.000_40.000.wav	Vacuum_cleaner	0.780	9.480
YxduQyXSEDAc_60.000_70.000.wav	Running_water	2.340	4.840
Y7LsJrF1AwZg_30.000_40.000.wav	Running_water	0.080	3.300
Y6UY-HKyolKk_30.000_40.000.wav	Cat	0.080	0.860
Y6UY-HKyolKk_30.000_40.000.wav	Cat	6.040	6.660
Y6UY-HKyolKk_30.000_40.000.wav	Cat	6.720	6.760
Y6UY-HKyolKk_30.000_40.000.wav	Cat	6.780	6.800
Y6UY-HKyolKk_30.000_40.000.wav	Cat	7.860	7.900
Y6UY-HKyolKk_30.000_40.000.wav	Cat	7.920	9.980
Y6UY-HKyolKk_30.000_40.000.wav	Running_water	4.980	5.040
Y6UY-HKyolKk_30.000_40.000.wav	Running_water	5.300	5.400
Yj53tAI-EGcI_30.000_40.000.wav	Speech	7.760	7.900
Y-UFvq4-iS-Y_580.000_590.000.wav	Speech	0.000	0.580
Y-UFvq4-iS-Y_580.000_590.000.wav	Speech	0.860	3.100
Y-UFvq4-iS-Y_580.000_590.000.wav	Speech	4.920	5.660
Y-UFvq4-iS-Y_580.000_590.000.wav	Speech	6.800	8.100
Y-UFvq4-iS-Y_580.000_590.000.wav	Cat	9.660	9.940
Y0N17tEW_WEU_30.000_40.000.wav	Speech	0.000	0.440
Y0N17tEW_WEU_30.000_40.000.wav	Speech	0.580	10.020
YMy0YmR6tYAk_60.000_70.000.wav	Vacuum_cleaner	0.040	7.280
YMy0YmR6tYAk_60.000_70.000.wav	Vacuum_cleaner	8.960	9.060
YMy0YmR6tYAk_60.000_70.000.wav	Vacuum_cleaner	9.220	9.820
YGl4VW2wZcuM_1.000_11.000.wav	Speech	3.560	4.020
YGl4VW2wZcuM_1.000_11.000.wav	Alarm_bell_ringing	0.200	3.160
YGl4VW2wZcuM_1.000_11.000.wav	Alarm_bell_ringing	7.180	9.000
Yu38xZsCTCOY_30.000_40.000.wav	Cat	0.000	10.020
YP15JhIEHVHg_30.000_40.000.wav	Dog	0.060	10.020
YPwdYrskUF3Q_80.000_90.000.wav	Dishes	0.000	0.020
YPwdYrskUF3Q_80.000_90.000.wav	Dishes	0.040	10.020
Y-mN6UH1Gd40_30.000_40.000.wav	Speech	0.000	2.840
Y-mN6UH1Gd40_30.000_40.000.wav	Speech	5.580	10.020
Y-mN6UH1Gd40_30.000_40.000.wav	Dishes	2.920	5.720
Y-mN6UH1Gd40_30.000_40.000.wav	Frying	3.240	3.380
Y-mN6UH1Gd40_30.000_40.000.wav	Frying	3.400	3.460
Y-mN6UH1Gd40_30.000_40.000.wav	Frying	3.640	3.720
Y-mN6UH1Gd40_30.000_40.000.wav	Frying	3.820	3.900
Y-mN6UH1Gd40_30.000_40.000.wav	Frying	4.560	4.620
Y-mN6UH1Gd40_30.000_40.000.wav	Frying	4.640	4.700
Y-qfsR2ZEUcw_30.000_40.000.wav	Speech	0.000	1.640
Y-qfsR2ZEUcw_30.000_40.000.wav	Speech	3.240	4.400
Y-qfsR2ZEUcw_30.000_40.000.wav	Speech	4.660	5.760
Y-qfsR2ZEUcw_30.000_40.000.wav	Speech	6.920	7.020
Y-qfsR2ZEUcw_30.000_40.000.wav	Speech	7.480	7.780
Y-qfsR2ZEUcw_30.000_40.000.wav	Speech	8.120	9.880
Y-qfsR2ZEUcw_30.000_40.000.wav	Speech	9.960	10.020
Y-qfsR2ZEUcw_30.000_40.000.wav	Electric_shaver_toothbrush	1.660	2.940
Y0IMxRf5KZBY_30.000_40.000.wav	Speech	9.740	10.020
Y0IMxRf5KZBY_30.000_40.000.wav	Blender	1.200	1.320
Y0IMxRf5KZBY_30.000_40.000.wav	Blender	4.800	5.060
Y0IMxRf5KZBY_30.000_40.000.wav	Blender	5.220	5.260
Y0IMxRf5KZBY_30.000_40.000.wav	Blender	6.720	6.800
Y0IMxRf5KZBY_30.000_40.000.wav	Vacuum_cleaner	0.260	0.420
Y0IMxRf5KZBY_30.000_40.000.wav	Vacuum_cleaner	0.800	1.020
Y0IMxRf5KZBY_30.000_40.000.wav	Vacuum_cleaner	1.220	1.840
Y0IMxRf5KZBY_30.000_40.000.wav	Vacuum_cleaner	1.880	1.920
Y0IMxRf5KZBY_30.000_40.000.wav	Vacuum_cleaner	1.940	2.160
Y0IMxRf5KZBY_30.000_40.000.wav	Vacuum_cleaner	2.220	2.240
Y0IMxRf5KZBY_30.000_40.000.wav	Vacuum_cleaner	2.460	2.480
Y0IMxRf5KZBY_30.000_40.000.wav	Vacuum_cleaner	2.560	2.720
Y0IMxRf5KZBY_30.000_40.000.wav	Vacuum_cleaner	2.780	2.820
Y0IMxRf5KZBY_30.000_40.000.wav	Vacuum_cleaner	2.900	3.280
Y0IMxRf5KZBY_30.000_40.000.wav	Vacuum_cleaner	3.320	3.740
Y0IMxRf5KZBY_30.000_40.000.wav	Vacuum_cleaner	3.760	4.120
Y0IMxRf5KZBY_30.000_40.000.wav	Vacuum_cleaner	4.140	4.260
Y0IMxRf5KZBY_30.000_40.000.wav	Vacuum_cleaner	4.280	4.780
YC7TihoHf_hM_20.000_30.000.wav	Alarm_bell_ringing	0.500	0.560
YC7TihoHf_hM_20.000_30.000.wav	Alarm_bell_ringing	0.580	0.660
YC7TihoHf_hM_20.000_30.000.wav	Alarm_bell_ringing	1.420	10.020
Y1MP3sQTk8wo_0.000_10.000.wav	Dog	1.900	4.300
Y1MP3sQTk8wo_0.000_10.000.wav	Dog	4.340	4.360
Y1MP3sQTk8wo_0.000_10.000.wav	Dog	4.560	4.760
Y1MP3sQTk8wo_0.000_10.000.wav	Dog	7.080	7.540
Y1MP3sQTk8wo_0.000_10.000.wav	Dog	7.800	8.140
Y1MP3sQTk8wo_0.000_10.000.wav	Dog	8.820	9.200
YA_RIRJV5AxE_30.000_40.000.wav	Speech	1.080	1.900
YA_RIRJV5AxE_30.000_40.000.wav	Dog	9.660	9.980
YA_RIRJV5AxE_30.000_40.000.wav	Dishes	6.940	8.000
YA_RIRJV5AxE_30.000_40.000.wav	Dishes	8.300	8.800
YA_RIRJV5AxE_30.000_40.000.wav	Running_water	4.340	4.380
YA_RIRJV5AxE_30.000_40.000.wav	Running_water	4.460	4.500
Yvk8iuyRv1qI_260.000_270.000.wav	Blender	4.740	4.780
Yvk8iuyRv1qI_260.000_270.000.wav	Blender	4.840	4.960
Yvk8iuyRv1qI_260.000_270.000.wav	Blender	4.980	5.220
Yvk8iuyRv1qI_260.000_270.000.wav	Blender	8.240	8.280
Yvk8iuyRv1qI_260.000_270.000.wav	Vacuum_cleaner	0.040	8.200
Yvk8iuyRv1qI_260.000_270.000.wav	Vacuum_cleaner	8.300	8.820
Yvk8iuyRv1qI_260.000_270.000.wav	Vacuum_cleaner	8.860	8.980
Yvk8iuyRv1qI_260.000_270.000.wav	Vacuum_cleaner	9.060	9.140
YV3zM2JFHN3Q_40.000_50.000.wav	Dog	8.400	8.420
YV3zM2JFHN3Q_40.000_50.000.wav	Dog	8.500	8.560
YV3zM2JFHN3Q_40.000_50.000.wav	Dog	8.640	8.680
YV3zM2JFHN3Q_40.000_50.000.wav	Dog	8.760	8.820
YV3zM2JFHN3Q_40.000_50.000.wav	Dog	8.880	9.200
YV3zM2JFHN3Q_40.000_50.000.wav	Running_water	0.740	1.120
YV3zM2JFHN3Q_40.000_50.000.wav	Running_water	2.580	2.800
YV3zM2JFHN3Q_40.000_50.000.wav	Running_water	4.300	7.820
YV3zM2JFHN3Q_40.000_50.000.wav	Running_water	7.840	7.860
YK1XOQR_O0aA_199.000_209.000.wav	Speech	4.400	4.520
YK1XOQR_O0aA_199.000_209.000.wav	Speech	6.900	8.500
YK1XOQR_O0aA_199.000_209.000.wav	Cat	3.260	3.300
YNuvgBjmUW1g_140.000_150.000.wav	Speech	0.000	1.660
YNuvgBjmUW1g_140.000_150.000.wav	Speech	4.520	5.100
YNuvgBjmUW1g_140.000_150.000.wav	Speech	5.120	5.260
YNuvgBjmUW1g_140.000_150.000.wav	Dog	5.900	10.020
YEe0RIG8OIeo_230.000_240.000.wav	Running_water	0.340	7.340
Y2K0NKi1wigk_340.000_350.000.wav	Dog	0.620	0.680
Y2K0NKi1wigk_340.000_350.000.wav	Cat	1.160	1.440
YgWWts-XQiTI_30.000_40.000.wav	Alarm_bell_ringing	0.020	0.100
YT9RmxPrs2AY_0.000_10.000.wav	Alarm_bell_ringing	0.000	0.020
YT9RmxPrs2AY_0.000_10.000.wav	Alarm_bell_ringing	0.060	10.020
YCSCvisy9SmA_500.000_510.000.wav	Running_water	0.040	10.020
Y5aPt9TjkIZA_50.000_60.000.wav	Running_water	0.180	7.300
Y-gz_moHFwl4_16.000_26.000.wav	Speech	0.000	2.700
Y-gz_moHFwl4_16.000_26.000.wav	Speech	2.820	2.840
Y-gz_moHFwl4_16.000_26.000.wav	Speech	4.800	6.060
Y-gz_moHFwl4_16.000_26.000.wav	Speech	6.080	6.180
YdVTcTLLD9bo_30.000_40.000.wav	Speech	6.400	6.600
YdVTcTLLD9bo_30.000_40.000.wav	Speech	7.100	7.300
YdVTcTLLD9bo_30.000_40.000.wav	Dishes	1.080	10.020
Y02-0m4RbDUI_30.000_40.000.wav	Speech	0.000	10.020
Y09kqMqn5rWs_260.000_270.000.wav	Speech	5.020	5.300
Y09kqMqn5rWs_260.000_270.000.wav	Speech	9.000	9.260
Y09kqMqn5rWs_260.000_270.000.wav	Speech	9.460	9.860
Y09kqMqn5rWs_260.000_270.000.wav	Speech	9.980	10.000
Y09kqMqn5rWs_260.000_270.000.wav	Cat	1.140	2.700
Y09kqMqn5rWs_260.000_270.000.wav	Cat	3.640	3.920
Y09kqMqn5rWs_260.000_270.000.wav	Cat	5.620	6.120
Y09kqMqn5rWs_260.000_270.000.wav	Blender	8.060	8.320
YFeXj1i4ur5Q_30.000_40.000.wav	Speech	2.960	3.020
YFeXj1i4ur5Q_30.000_40.000.wav	Speech	3.420	3.500
YFeXj1i4ur5Q_30.000_40.000.wav	Speech	5.160	10.020
YFeXj1i4ur5Q_30.000_40.000.wav	Blender	0.060	0.780
YFeXj1i4ur5Q_30.000_40.000.wav	Blender	0.920	0.980
YFeXj1i4ur5Q_30.000_40.000.wav	Blender	1.420	1.800
YFeXj1i4ur5Q_30.000_40.000.wav	Blender	1.860	5.040
YFeXj1i4ur5Q_30.000_40.000.wav	Vacuum_cleaner	0.180	0.260
YFeXj1i4ur5Q_30.000_40.000.wav	Vacuum_cleaner	0.820	0.860
YFeXj1i4ur5Q_30.000_40.000.wav	Vacuum_cleaner	0.980	1.340
Y8AY0aXAQjwY_250.000_260.000.wav	Speech	1.180	2.320
Y8AY0aXAQjwY_250.000_260.000.wav	Speech	5.360	6.100
Y8AY0aXAQjwY_250.000_260.000.wav	Speech	9.020	10.020
Y8AY0aXAQjwY_250.000_260.000.wav	Cat	2.780	5.180
Y8AY0aXAQjwY_250.000_260.000.wav	Cat	6.100	8.740
Y-FoTxwPOz3U_0.000_10.000.wav	Speech	4.060	4.860
Y-FoTxwPOz3U_0.000_10.000.wav	Speech	5.100	5.180
Y-FoTxwPOz3U_0.000_10.000.wav	Speech	5.580	5.800
Y-FoTxwPOz3U_0.000_10.000.wav	Speech	5.840	7.040
Y-FoTxwPOz3U_0.000_10.000.wav	Speech	9.640	10.020
Y-FoTxwPOz3U_0.000_10.000.wav	Dog	8.140	9.520
Y-FoTxwPOz3U_0.000_10.000.wav	Dishes	0.480	1.140
Y-FoTxwPOz3U_0.000_10.000.wav	Dishes	1.200	1.480
Y-FoTxwPOz3U_0.000_10.000.wav	Dishes	1.500	2.560
Y-FoTxwPOz3U_0.000_10.000.wav	Dishes	2.580	2.660
YH8akZoFrPvo_30.000_40.000.wav	Speech	3.080	10.020
YH8akZoFrPvo_30.000_40.000.wav	Alarm_bell_ringing	0.020	1.840
YGc01CEIQnM0_10.000_20.000.wav	Speech	0.000	9.260
YGc01CEIQnM0_10.000_20.000.wav	Alarm_bell_ringing	9.360	10.020
YABUQP_h7RTI_340.000_350.000.wav	Speech	0.000	3.200
YABUQP_h7RTI_340.000_350.000.wav	Speech	3.740	9.940
Y2rW2I6KmWhw_30.000_40.000.wav	Dog	5.680	9.980
YeeiDM1H_Y-w_20.000_30.000.wav	Speech	0.000	1.040
YeeiDM1H_Y-w_20.000_30.000.wav	Speech	5.200	6.040
YeeiDM1H_Y-w_20.000_30.000.wav	Speech	6.220	8.820
YeeiDM1H_Y-w_20.000_30.000.wav	Dog	3.320	3.480
YeeiDM1H_Y-w_20.000_30.000.wav	Dog	3.600	4.200
YeeiDM1H_Y-w_20.000_30.000.wav	Running_water	9.420	9.480
Y-YRJHtktT1g_170.000_180.000.wav	Speech	0.100	0.220
Y-YRJHtktT1g_170.000_180.000.wav	Speech	0.500	0.580
Y-YRJHtktT1g_170.000_180.000.wav	Speech	2.000	2.080
Y-YRJHtktT1g_170.000_180.000.wav	Speech	3.160	4.280
Y-YRJHtktT1g_170.000_180.000.wav	Speech	4.700	5.920
Y-YRJHtktT1g_170.000_180.000.wav	Speech	6.920	7.320
Y-YRJHtktT1g_170.000_180.000.wav	Speech	9.120	9.200
YNfSea2VFxJc_0.000_6.000.wav	Alarm_bell_ringing	2.280	5.520
Y-OeV4dPAQiw_30.000_40.000.wav	Speech	0.000	8.280
YQcOjEq9Mt5E_70.000_80.000.wav	Speech	9.680	10.020
YQcOjEq9Mt5E_70.000_80.000.wav	Blender	0.140	1.080
YQcOjEq9Mt5E_70.000_80.000.wav	Blender	1.260	1.300
YQcOjEq9Mt5E_70.000_80.000.wav	Blender	1.500	1.560
YQcOjEq9Mt5E_70.000_80.000.wav	Blender	1.940	2.040
YQcOjEq9Mt5E_70.000_80.000.wav	Blender	2.900	3.320
YQcOjEq9Mt5E_70.000_80.000.wav	Blender	7.680	9.540
YH5iBnsKsKMM_0.000_10.000.wav	Vacuum_cleaner	4.200	9.960
YBHGB73ilrCc_30.000_40.000.wav	Speech	8.360	9.000
YBHGB73ilrCc_30.000_40.000.wav	Dog	1.260	3.340
YBHGB73ilrCc_30.000_40.000.wav	Dog	4.660	5.020
YBHGB73ilrCc_30.000_40.000.wav	Dog	5.100	10.020
YLPvJFjsxMj8_30.000_40.000.wav	Cat	0.000	9.940
YLPvJFjsxMj8_30.000_40.000.wav	Cat	10.000	10.020
YUjlwtQeFdWY_540.000_550.000.wav	Speech	2.120	3.940
YUjlwtQeFdWY_540.000_550.000.wav	Speech	4.500	5.360
YUjlwtQeFdWY_540.000_550.000.wav	Speech	5.640	6.900
YUjlwtQeFdWY_540.000_550.000.wav	Speech	9.760	10.020
YUjlwtQeFdWY_540.000_550.000.wav	Alarm_bell_ringing	0.060	0.160
YUjlwtQeFdWY_540.000_550.000.wav	Alarm_bell_ringing	0.320	2.120
YUjlwtQeFdWY_540.000_550.000.wav	Alarm_bell_ringing	3.920	4.420
YUjlwtQeFdWY_540.000_550.000.wav	Alarm_bell_ringing	6.880	7.100
YUjlwtQeFdWY_540.000_550.000.wav	Alarm_bell_ringing	7.460	8.040
Yt8E89lrV36A_285.000_295.000.wav	Speech	0.000	9.660
YE1jbUtZSluo_240.000_250.000.wav	Speech	0.000	0.620
YE1jbUtZSluo_240.000_250.000.wav	Speech	1.440	3.040
YE1jbUtZSluo_240.000_250.000.wav	Speech	3.440	4.260
YE1jbUtZSluo_240.000_250.000.wav	Speech	5.740	6.640
YE1jbUtZSluo_240.000_250.000.wav	Speech	6.960	7.300
YE1jbUtZSluo_240.000_250.000.wav	Dishes	4.340	5.800
YE1jbUtZSluo_240.000_250.000.wav	Dishes	6.860	7.000
YE1jbUtZSluo_240.000_250.000.wav	Dishes	7.920	7.960
Y_ZZpAj4rIRk_80.000_90.000.wav	Alarm_bell_ringing	0.000	10.020
Y3lsNtH_m7kw_70.000_80.000.wav	Cat	0.000	10.020
Y-nJbGyPg6BY_60.000_70.000.wav	Speech	0.000	3.080
Y-nJbGyPg6BY_60.000_70.000.wav	Speech	9.100	9.680
Y-nJbGyPg6BY_60.000_70.000.wav	Blender	3.740	9.140
Y-nJbGyPg6BY_60.000_70.000.wav	Blender	9.520	9.860
Y-nJbGyPg6BY_60.000_70.000.wav	Vacuum_cleaner	4.220	4.580
Y-nJbGyPg6BY_60.000_70.000.wav	Vacuum_cleaner	4.660	5.680
Y4isFtP23Sh0_30.000_40.000.wav	Cat	0.000	10.020
Yg7IQYuMyGrA_180.000_190.000.wav	Speech	8.300	8.800
Yg7IQYuMyGrA_180.000_190.000.wav	Dishes	0.060	8.380
Yg7IQYuMyGrA_180.000_190.000.wav	Frying	0.080	7.740
Yg7IQYuMyGrA_180.000_190.000.wav	Frying	7.860	7.920
Yg7IQYuMyGrA_180.000_190.000.wav	Frying	8.040	8.280
Yg7IQYuMyGrA_180.000_190.000.wav	Frying	9.060	9.460
YJQwirnKysXI_30.000_40.000.wav	Speech	0.180	0.680
YJQwirnKysXI_30.000_40.000.wav	Speech	1.220	7.460
YJQwirnKysXI_30.000_40.000.wav	Speech	7.720	7.740
YJQwirnKysXI_30.000_40.000.wav	Speech	7.860	8.320
YJQwirnKysXI_30.000_40.000.wav	Speech	8.920	9.520
YJQwirnKysXI_30.000_40.000.wav	Dog	0.780	1.260
YJQwirnKysXI_30.000_40.000.wav	Dog	8.640	8.880
YJQwirnKysXI_30.000_40.000.wav	Dog	9.440	9.960
YJQwirnKysXI_30.000_40.000.wav	Dog	10.000	10.020
YO5vWaj07zN4_30.000_40.000.wav	Vacuum_cleaner	0.040	9.960
Y6GXGC1K7b5k_0.000_10.000.wav	Speech	2.060	10.020
Y6GXGC1K7b5k_0.000_10.000.wav	Alarm_bell_ringing	0.000	0.040
Y6GXGC1K7b5k_0.000_10.000.wav	Alarm_bell_ringing	0.840	2.000
Y1iYDrXdxkpg_170.000_180.000.wav	Speech	0.000	2.540
Y1iYDrXdxkpg_170.000_180.000.wav	Speech	3.080	3.140
Y1iYDrXdxkpg_170.000_180.000.wav	Speech	3.640	5.640
Y1iYDrXdxkpg_170.000_180.000.wav	Speech	8.680	8.760
Y1iYDrXdxkpg_170.000_180.000.wav	Speech	8.820	9.540
Y1iYDrXdxkpg_170.000_180.000.wav	Frying	7.040	7.160
Y1iYDrXdxkpg_170.000_180.000.wav	Frying	7.260	7.700
Y1iYDrXdxkpg_170.000_180.000.wav	Frying	7.820	8.380
Y2REf8hLLYMw_30.000_40.000.wav	Cat	0.000	10.020
YQb6N3HvbmgQ_580.000_590.000.wav	Dog	2.000	2.620
YQb6N3HvbmgQ_580.000_590.000.wav	Dog	2.780	2.880
YQb6N3HvbmgQ_580.000_590.000.wav	Dog	2.900	3.180
YQb6N3HvbmgQ_580.000_590.000.wav	Dog	3.220	3.700
YQb6N3HvbmgQ_580.000_590.000.wav	Dog	3.820	4.540
YQb6N3HvbmgQ_580.000_590.000.wav	Dog	4.600	5.500
YQb6N3HvbmgQ_580.000_590.000.wav	Dog	5.740	5.800
YQb6N3HvbmgQ_580.000_590.000.wav	Dog	7.580	10.020
YJErx-AImWqk_0.000_10.000.wav	Dog	0.560	10.020
Y0D9ZiiYArKw_30.000_40.000.wav	Speech	0.000	10.020
Y3LvZUtupOCs_30.000_40.000.wav	Dog	0.080	10.020
YF-mbfDB9bN4_20.000_30.000.wav	Running_water	2.420	3.040
YF-mbfDB9bN4_20.000_30.000.wav	Running_water	3.080	3.220
YF-mbfDB9bN4_20.000_30.000.wav	Running_water	3.340	3.560
YF-mbfDB9bN4_20.000_30.000.wav	Running_water	3.640	9.900
Y0MH_VX7PnQQ_30.000_40.000.wav	Speech	0.020	0.320
Y0MH_VX7PnQQ_30.000_40.000.wav	Speech	0.500	0.680
Y0MH_VX7PnQQ_30.000_40.000.wav	Dishes	2.220	2.360
Y0MH_VX7PnQQ_30.000_40.000.wav	Dishes	2.400	3.080
YbnLQeoB3ssU_130.000_140.000.wav	Speech	0.000	1.800
YbnLQeoB3ssU_130.000_140.000.wav	Speech	1.960	6.020
YbnLQeoB3ssU_130.000_140.000.wav	Speech	7.720	7.940
YbnLQeoB3ssU_130.000_140.000.wav	Speech	8.160	8.800
YbnLQeoB3ssU_130.000_140.000.wav	Blender	7.320	7.720
YOEmncpMnPak_30.000_40.000.wav	Speech	0.660	1.520
YOEmncpMnPak_30.000_40.000.wav	Speech	4.840	5.380
YOEmncpMnPak_30.000_40.000.wav	Speech	7.680	9.020
YOEmncpMnPak_30.000_40.000.wav	Speech	9.520	9.580
YOEmncpMnPak_30.000_40.000.wav	Alarm_bell_ringing	6.160	7.300
Yt7kNT5K16js_550.000_560.000.wav	Speech	3.680	3.700
Yt7kNT5K16js_550.000_560.000.wav	Blender	0.500	4.980
Yuatz5FiIO7c_180.000_190.000.wav	Speech	5.720	6.980
Yuatz5FiIO7c_180.000_190.000.wav	Speech	9.540	10.020
Yuatz5FiIO7c_180.000_190.000.wav	Frying	7.040	9.560
Yuatz5FiIO7c_180.000_190.000.wav	Electric_shaver_toothbrush	1.620	2.960
Yuatz5FiIO7c_180.000_190.000.wav	Electric_shaver_toothbrush	3.780	4.160
Yqb50ye-3OJU_60.000_70.000.wav	Speech	5.220	5.580
Yqb50ye-3OJU_60.000_70.000.wav	Speech	6.640	6.880
Yqb50ye-3OJU_60.000_70.000.wav	Dog	2.400	2.420
Yqb50ye-3OJU_60.000_70.000.wav	Frying	0.060	2.200
Yqb50ye-3OJU_60.000_70.000.wav	Frying	2.820	2.880
Yqb50ye-3OJU_60.000_70.000.wav	Frying	2.940	3.020
Yqb50ye-3OJU_60.000_70.000.wav	Frying	3.180	5.180
Yqb50ye-3OJU_60.000_70.000.wav	Frying	5.660	6.600
Yqb50ye-3OJU_60.000_70.000.wav	Frying	7.040	9.840
YLdOQ6qtoQ4I_80.000_90.000.wav	Dog	3.620	3.800
YLdOQ6qtoQ4I_80.000_90.000.wav	Dog	4.160	10.020
YakanYTDu2NQ_440.000_450.000.wav	Dishes	0.800	10.020
YakanYTDu2NQ_440.000_450.000.wav	Frying	6.060	7.000
YakanYTDu2NQ_440.000_450.000.wav	Frying	7.040	9.960
YAr5r0pzgaRU_30.000_40.000.wav	Dog	0.660	4.500
YAr5r0pzgaRU_30.000_40.000.wav	Dog	4.680	4.700
YAr5r0pzgaRU_30.000_40.000.wav	Dog	5.100	5.340
YAr5r0pzgaRU_30.000_40.000.wav	Dog	5.620	5.640
YAr5r0pzgaRU_30.000_40.000.wav	Cat	4.480	4.640
YAr5r0pzgaRU_30.000_40.000.wav	Cat	4.740	4.880
YAr5r0pzgaRU_30.000_40.000.wav	Cat	4.920	4.980
YAr5r0pzgaRU_30.000_40.000.wav	Cat	5.160	5.520
YAr5r0pzgaRU_30.000_40.000.wav	Cat	5.540	5.580
YAr5r0pzgaRU_30.000_40.000.wav	Cat	5.660	5.780
YAr5r0pzgaRU_30.000_40.000.wav	Cat	5.820	7.180
YAr5r0pzgaRU_30.000_40.000.wav	Cat	7.200	7.980
YAr5r0pzgaRU_30.000_40.000.wav	Cat	8.100	8.160
Y9BGPUKwmSEY_240.000_250.000.wav	Speech	4.360	5.580
Y9BGPUKwmSEY_240.000_250.000.wav	Speech	9.120	9.960
Y9BGPUKwmSEY_240.000_250.000.wav	Dishes	7.480	7.560
Y9BGPUKwmSEY_240.000_250.000.wav	Dishes	7.700	8.560
Y9BGPUKwmSEY_240.000_250.000.wav	Dishes	8.580	8.780
Y9BGPUKwmSEY_240.000_250.000.wav	Frying	0.040	2.580
Y9BGPUKwmSEY_240.000_250.000.wav	Frying	2.640	3.000
Y9BGPUKwmSEY_240.000_250.000.wav	Frying	3.020	4.360
Y9BGPUKwmSEY_240.000_250.000.wav	Frying	5.660	9.140
YVrZkUqz2WZI_290.000_300.000.wav	Speech	8.680	10.020
YVrZkUqz2WZI_290.000_300.000.wav	Cat	0.460	1.600
YVrZkUqz2WZI_290.000_300.000.wav	Running_water	5.160	6.940
Y08Ua8a01P5g_13.000_23.000.wav	Speech	7.000	8.980
YCu3D2_yZsls_40.000_50.000.wav	Speech	0.000	0.260
YCu3D2_yZsls_40.000_50.000.wav	Speech	0.640	2.060
YCu3D2_yZsls_40.000_50.000.wav	Speech	3.540	5.960
YCu3D2_yZsls_40.000_50.000.wav	Speech	6.580	8.520
YCu3D2_yZsls_40.000_50.000.wav	Dishes	0.000	0.020
YCu3D2_yZsls_40.000_50.000.wav	Dishes	0.240	0.840
YCu3D2_yZsls_40.000_50.000.wav	Dishes	1.120	1.500
YCu3D2_yZsls_40.000_50.000.wav	Dishes	2.060	3.800
YCu3D2_yZsls_40.000_50.000.wav	Dishes	5.940	6.800
YCu3D2_yZsls_40.000_50.000.wav	Dishes	8.940	9.020
YCu3D2_yZsls_40.000_50.000.wav	Dishes	9.040	9.060
YAjmZCg_sYc8_30.000_40.000.wav	Dog	1.860	2.120
YAjmZCg_sYc8_30.000_40.000.wav	Dog	3.240	7.540
YAjmZCg_sYc8_30.000_40.000.wav	Dog	7.620	7.640
YAjmZCg_sYc8_30.000_40.000.wav	Dog	7.680	7.760
YAjmZCg_sYc8_30.000_40.000.wav	Running_water	8.980	9.040
YW3dVAwDrvfc_450.000_460.000.wav	Blender	8.540	8.600
YW3dVAwDrvfc_450.000_460.000.wav	Blender	8.820	9.340
YW3dVAwDrvfc_450.000_460.000.wav	Blender	9.460	9.480
YW3dVAwDrvfc_450.000_460.000.wav	Blender	9.700	9.860
YW3dVAwDrvfc_450.000_460.000.wav	Vacuum_cleaner	5.120	9.920
YX-jJxA53SFI_130.000_140.000.wav	Speech	5.960	9.180
YX-jJxA53SFI_130.000_140.000.wav	Speech	9.440	9.800
YX-jJxA53SFI_130.000_140.000.wav	Running_water	1.180	2.540
YmOPDIKfulgg_360.000_370.000.wav	Dishes	3.640	3.720
YmOPDIKfulgg_360.000_370.000.wav	Dishes	3.800	5.120
YmOPDIKfulgg_360.000_370.000.wav	Dishes	5.560	5.640
YmOPDIKfulgg_360.000_370.000.wav	Dishes	5.700	5.720
YmOPDIKfulgg_360.000_370.000.wav	Dishes	5.760	5.880
YmOPDIKfulgg_360.000_370.000.wav	Dishes	6.420	6.600
YmOPDIKfulgg_360.000_370.000.wav	Dishes	6.620	6.760
YmOPDIKfulgg_360.000_370.000.wav	Frying	0.180	0.260
YmOPDIKfulgg_360.000_370.000.wav	Frying	0.880	0.900
YmOPDIKfulgg_360.000_370.000.wav	Frying	0.960	1.020
YmOPDIKfulgg_360.000_370.000.wav	Frying	1.080	1.100
YmOPDIKfulgg_360.000_370.000.wav	Frying	1.360	1.620
YmOPDIKfulgg_360.000_370.000.wav	Frying	1.640	1.660
YfhAAzi6MSXw_70.000_80.000.wav	Dog	0.960	4.920
YfhAAzi6MSXw_70.000_80.000.wav	Dog	4.940	5.020
YfhAAzi6MSXw_70.000_80.000.wav	Dog	5.180	5.200
YfhAAzi6MSXw_70.000_80.000.wav	Dog	9.360	10.020
YfhAAzi6MSXw_70.000_80.000.wav	Cat	6.860	6.920
YfhAAzi6MSXw_70.000_80.000.wav	Cat	7.020	9.080
YfhAAzi6MSXw_70.000_80.000.wav	Cat	9.800	9.820
Yb8GxUkjLSUY_628.000_638.000.wav	Speech	1.240	2.600
Yb8GxUkjLSUY_628.000_638.000.wav	Speech	2.840	3.300
Yb8GxUkjLSUY_628.000_638.000.wav	Speech	3.500	3.820
Yb8GxUkjLSUY_628.000_638.000.wav	Speech	4.400	5.280
Yb8GxUkjLSUY_628.000_638.000.wav	Speech	5.740	5.840
Yb8GxUkjLSUY_628.000_638.000.wav	Speech	7.740	7.940
Yb8GxUkjLSUY_628.000_638.000.wav	Speech	8.540	8.820
Yb8GxUkjLSUY_628.000_638.000.wav	Speech	8.960	9.300
Yb8GxUkjLSUY_628.000_638.000.wav	Dishes	2.620	2.920
Yb8GxUkjLSUY_628.000_638.000.wav	Dishes	3.100	3.220
Yb8GxUkjLSUY_628.000_638.000.wav	Dishes	3.280	3.660
Yb8GxUkjLSUY_628.000_638.000.wav	Dishes	3.820	4.560
Yb8GxUkjLSUY_628.000_638.000.wav	Dishes	6.020	7.720
Yb8GxUkjLSUY_628.000_638.000.wav	Dishes	7.760	7.840
Yb8GxUkjLSUY_628.000_638.000.wav	Dishes	8.160	8.540
YLH8GnA-aJ_M_180.000_190.000.wav	Speech	0.000	5.620
YLH8GnA-aJ_M_180.000_190.000.wav	Speech	6.140	6.260
YLH8GnA-aJ_M_180.000_190.000.wav	Speech	7.380	8.820
YLH8GnA-aJ_M_180.000_190.000.wav	Dishes	6.080	6.120
YLH8GnA-aJ_M_180.000_190.000.wav	Dishes	6.320	7.780
YLH8GnA-aJ_M_180.000_190.000.wav	Dishes	8.100	8.300
YLH8GnA-aJ_M_180.000_190.000.wav	Dishes	8.800	10.020
Y1_Q80fDGLRM_10.000_20.000.wav	Speech	1.980	3.760
Y1_Q80fDGLRM_10.000_20.000.wav	Speech	4.820	5.120
Y1_Q80fDGLRM_10.000_20.000.wav	Speech	6.020	7.520
Y1_Q80fDGLRM_10.000_20.000.wav	Dog	0.380	2.340
Y1_Q80fDGLRM_10.000_20.000.wav	Dog	5.740	6.120
Y1_Q80fDGLRM_10.000_20.000.wav	Dishes	8.540	8.600
Y1_Q80fDGLRM_10.000_20.000.wav	Dishes	8.740	8.760
Y55l9j-CggDQ_30.000_40.000.wav	Dog	9.700	10.020
Yfjiv34te9vc_30.000_40.000.wav	Cat	0.000	10.020
YZRBWFeHPegQ_220.000_230.000.wav	Blender	2.140	2.940
YZRBWFeHPegQ_220.000_230.000.wav	Blender	3.000	3.740
YZRBWFeHPegQ_220.000_230.000.wav	Blender	3.760	3.860
YZRBWFeHPegQ_220.000_230.000.wav	Blender	3.880	4.060
YZRBWFeHPegQ_220.000_230.000.wav	Blender	4.240	4.300
YZRBWFeHPegQ_220.000_230.000.wav	Blender	4.560	4.600
YZRBWFeHPegQ_220.000_230.000.wav	Blender	5.260	6.100
YZRBWFeHPegQ_220.000_230.000.wav	Blender	6.180	6.380
YZRBWFeHPegQ_220.000_230.000.wav	Blender	6.400	6.680
YZRBWFeHPegQ_220.000_230.000.wav	Blender	6.740	6.840
YZRBWFeHPegQ_220.000_230.000.wav	Blender	6.860	7.420
YZRBWFeHPegQ_220.000_230.000.wav	Blender	7.460	7.780
YZRBWFeHPegQ_220.000_230.000.wav	Blender	8.640	8.720
YZRBWFeHPegQ_220.000_230.000.wav	Blender	8.800	8.840
YZRBWFeHPegQ_220.000_230.000.wav	Blender	8.920	9.000
YZRBWFeHPegQ_220.000_230.000.wav	Vacuum_cleaner	4.620	4.680
YZRBWFeHPegQ_220.000_230.000.wav	Vacuum_cleaner	4.700	4.820
YZRBWFeHPegQ_220.000_230.000.wav	Vacuum_cleaner	4.840	4.900
YY7KoFD3AEx8_74.000_84.000.wav	Speech	0.000	0.620
YY7KoFD3AEx8_74.000_84.000.wav	Speech	0.740	1.660
YY7KoFD3AEx8_74.000_84.000.wav	Speech	1.920	2.760
YY7KoFD3AEx8_74.000_84.000.wav	Speech	4.580	4.960
YY7KoFD3AEx8_74.000_84.000.wav	Speech	5.320	8.980
YY7KoFD3AEx8_74.000_84.000.wav	Speech	9.480	9.600
YY7KoFD3AEx8_74.000_84.000.wav	Dishes	3.040	4.580
YY7KoFD3AEx8_74.000_84.000.wav	Dishes	5.040	5.380
YY7KoFD3AEx8_74.000_84.000.wav	Frying	4.320	4.380
Y--4gqARaEJE_0.000_10.000.wav	Alarm_bell_ringing	5.700	5.740
Y--4gqARaEJE_0.000_10.000.wav	Alarm_bell_ringing	8.440	9.160
Y--4gqARaEJE_0.000_10.000.wav	Alarm_bell_ringing	9.460	9.600
YRayuVcywno0_30.000_40.000.wav	Cat	6.440	9.560
Ysgpy4uk4bB0_90.000_100.000.wav	Speech	1.400	2.320
Ysgpy4uk4bB0_90.000_100.000.wav	Speech	3.160	3.220
Ysgpy4uk4bB0_90.000_100.000.wav	Blender	4.220	4.240
Ysgpy4uk4bB0_90.000_100.000.wav	Blender	4.480	4.520
Ysgpy4uk4bB0_90.000_100.000.wav	Blender	8.720	8.780
Ysgpy4uk4bB0_90.000_100.000.wav	Blender	8.820	9.040
Ysgpy4uk4bB0_90.000_100.000.wav	Blender	9.060	9.260
Ysgpy4uk4bB0_90.000_100.000.wav	Vacuum_cleaner	3.660	8.000
Ysgpy4uk4bB0_90.000_100.000.wav	Vacuum_cleaner	8.180	8.260
Y-YwPSwhe2jo_30.000_40.000.wav	Running_water	0.380	0.620
Y-YwPSwhe2jo_30.000_40.000.wav	Running_water	2.700	2.740
Y-YwPSwhe2jo_30.000_40.000.wav	Running_water	2.760	2.780
Y-YwPSwhe2jo_30.000_40.000.wav	Running_water	2.800	10.020
YCh5_-jvmUwQ_14.000_24.000.wav	Speech	8.460	8.520
YCh5_-jvmUwQ_14.000_24.000.wav	Speech	8.620	8.840
YCh5_-jvmUwQ_14.000_24.000.wav	Dog	0.140	1.300
YCh5_-jvmUwQ_14.000_24.000.wav	Dog	1.320	1.500
YCh5_-jvmUwQ_14.000_24.000.wav	Dog	1.520	1.680
YCh5_-jvmUwQ_14.000_24.000.wav	Dog	1.720	1.880
YCh5_-jvmUwQ_14.000_24.000.wav	Dog	1.900	2.040
YCh5_-jvmUwQ_14.000_24.000.wav	Dog	2.340	2.400
YCh5_-jvmUwQ_14.000_24.000.wav	Dog	2.740	2.800
YCh5_-jvmUwQ_14.000_24.000.wav	Dog	3.120	3.720
YCh5_-jvmUwQ_14.000_24.000.wav	Dog	3.780	3.800
YCh5_-jvmUwQ_14.000_24.000.wav	Dog	3.880	4.200
YCh5_-jvmUwQ_14.000_24.000.wav	Dog	4.280	4.320
YCh5_-jvmUwQ_14.000_24.000.wav	Dog	5.100	5.180
YCh5_-jvmUwQ_14.000_24.000.wav	Dog	5.220	5.280
YCh5_-jvmUwQ_14.000_24.000.wav	Dog	5.460	5.540
YCh5_-jvmUwQ_14.000_24.000.wav	Dog	5.640	5.720
YCh5_-jvmUwQ_14.000_24.000.wav	Dog	6.420	6.540
YCh5_-jvmUwQ_14.000_24.000.wav	Dog	6.580	8.080
YCh5_-jvmUwQ_14.000_24.000.wav	Dog	8.200	8.220
YCh5_-jvmUwQ_14.000_24.000.wav	Dog	8.280	8.380
YCh5_-jvmUwQ_14.000_24.000.wav	Alarm_bell_ringing	0.440	1.020
YCh5_-jvmUwQ_14.000_24.000.wav	Alarm_bell_ringing	1.120	3.440
YCh5_-jvmUwQ_14.000_24.000.wav	Alarm_bell_ringing	3.460	3.920
YCh5_-jvmUwQ_14.000_24.000.wav	Alarm_bell_ringing	4.440	6.760
Y9LeGCCvrsbs_30.000_40.000.wav	Dishes	0.940	0.980
Y9LeGCCvrsbs_30.000_40.000.wav	Dishes	1.080	4.380
Y9LeGCCvrsbs_30.000_40.000.wav	Dishes	4.680	4.940
Y9LeGCCvrsbs_30.000_40.000.wav	Dishes	5.600	5.640
Y9LeGCCvrsbs_30.000_40.000.wav	Dishes	5.700	6.620
Y9LeGCCvrsbs_30.000_40.000.wav	Dishes	7.480	10.020
Y2eYaXTKSpMI_4.000_14.000.wav	Cat	0.000	10.020
YDpLi9YH5idY_30.000_40.000.wav	Speech	5.380	5.440
YDpLi9YH5idY_30.000_40.000.wav	Dog	5.580	10.020
YM34hO-PqzpE_50.000_60.000.wav	Vacuum_cleaner	0.040	9.980
YxgQjEiwZsAk_146.000_156.000.wav	Speech	0.620	2.380
YxgQjEiwZsAk_146.000_156.000.wav	Speech	4.340	5.400
YxgQjEiwZsAk_146.000_156.000.wav	Speech	6.340	7.160
YxgQjEiwZsAk_146.000_156.000.wav	Speech	7.440	7.980
YxgQjEiwZsAk_146.000_156.000.wav	Speech	8.080	8.580
YxgQjEiwZsAk_146.000_156.000.wav	Speech	9.640	10.020
YxgQjEiwZsAk_146.000_156.000.wav	Dishes	0.060	0.700
YxgQjEiwZsAk_146.000_156.000.wav	Dishes	2.160	4.440
YxgQjEiwZsAk_146.000_156.000.wav	Dishes	4.540	4.600
YxgQjEiwZsAk_146.000_156.000.wav	Dishes	5.420	6.400
YxgQjEiwZsAk_146.000_156.000.wav	Dishes	7.160	7.500
YxgQjEiwZsAk_146.000_156.000.wav	Dishes	7.960	8.140
YxgQjEiwZsAk_146.000_156.000.wav	Dishes	8.580	9.700
YxgQjEiwZsAk_146.000_156.000.wav	Frying	0.000	0.680
YxgQjEiwZsAk_146.000_156.000.wav	Frying	2.180	2.240
YxgQjEiwZsAk_146.000_156.000.wav	Frying	2.360	4.380
YxgQjEiwZsAk_146.000_156.000.wav	Frying	5.380	6.400
YxgQjEiwZsAk_146.000_156.000.wav	Frying	7.120	7.500
YxgQjEiwZsAk_146.000_156.000.wav	Frying	7.940	8.160
YxgQjEiwZsAk_146.000_156.000.wav	Frying	8.560	9.680
YYn2KgQjK5R4_200.000_210.000.wav	Running_water	2.620	6.520
Y-BY64_p-vtM_30.000_40.000.wav	Speech	0.680	3.620
Y-BY64_p-vtM_30.000_40.000.wav	Speech	8.040	8.100
Y-BY64_p-vtM_30.000_40.000.wav	Speech	8.120	10.020
Y-BY64_p-vtM_30.000_40.000.wav	Blender	3.680	6.540
YaRCiAM4UAyE_140.000_150.000.wav	Speech	6.180	7.440
YaRCiAM4UAyE_140.000_150.000.wav	Blender	0.400	2.620
YaRCiAM4UAyE_140.000_150.000.wav	Blender	3.480	5.780
Y-Bx_-I7sB5k_160.000_170.000.wav	Speech	0.900	1.920
Y-Bx_-I7sB5k_160.000_170.000.wav	Speech	2.020	2.040
Y-Bx_-I7sB5k_160.000_170.000.wav	Speech	2.260	2.540
Y-Bx_-I7sB5k_160.000_170.000.wav	Speech	3.100	3.160
Y-Bx_-I7sB5k_160.000_170.000.wav	Speech	4.560	4.600
Y-Bx_-I7sB5k_160.000_170.000.wav	Speech	5.140	5.260
Y-Bx_-I7sB5k_160.000_170.000.wav	Speech	6.400	6.500
Y-Bx_-I7sB5k_160.000_170.000.wav	Speech	7.940	8.160
Y-Bx_-I7sB5k_160.000_170.000.wav	Speech	9.020	9.100
Y-Bx_-I7sB5k_160.000_170.000.wav	Cat	0.440	0.700
YgWClkWgWVkQ_30.000_40.000.wav	Speech	0.000	4.640
YgWClkWgWVkQ_30.000_40.000.wav	Blender	5.020	9.940
YTim7zUFj1f4_50.000_60.000.wav	Speech	1.860	1.940
YTim7zUFj1f4_50.000_60.000.wav	Speech	2.920	3.460
YTim7zUFj1f4_50.000_60.000.wav	Speech	4.080	4.140
YTim7zUFj1f4_50.000_60.000.wav	Speech	4.200	4.220
YTim7zUFj1f4_50.000_60.000.wav	Speech	7.840	9.660
YTim7zUFj1f4_50.000_60.000.wav	Dog	0.460	1.560
YTim7zUFj1f4_50.000_60.000.wav	Dishes	5.600	5.680
YTim7zUFj1f4_50.000_60.000.wav	Dishes	5.840	6.640
YTim7zUFj1f4_50.000_60.000.wav	Dishes	6.860	7.840
YD02MlVKuAZU_230.000_240.000.wav	Speech	1.620	1.680
YD02MlVKuAZU_230.000_240.000.wav	Speech	1.720	2.020
YD02MlVKuAZU_230.000_240.000.wav	Speech	2.380	2.920
YD02MlVKuAZU_230.000_240.000.wav	Speech	2.960	3.060
YD02MlVKuAZU_230.000_240.000.wav	Speech	3.140	3.540
YD02MlVKuAZU_230.000_240.000.wav	Speech	8.240	8.780
YD02MlVKuAZU_230.000_240.000.wav	Speech	8.960	9.000
YD02MlVKuAZU_230.000_240.000.wav	Speech	9.060	9.140
YD02MlVKuAZU_230.000_240.000.wav	Dishes	0.380	1.340
YD02MlVKuAZU_230.000_240.000.wav	Dishes	6.460	6.780
YD02MlVKuAZU_230.000_240.000.wav	Dishes	6.820	6.960
YD02MlVKuAZU_230.000_240.000.wav	Frying	0.000	1.620
YD02MlVKuAZU_230.000_240.000.wav	Frying	1.680	1.740
YD02MlVKuAZU_230.000_240.000.wav	Frying	2.040	2.400
YD02MlVKuAZU_230.000_240.000.wav	Frying	2.940	2.960
YD02MlVKuAZU_230.000_240.000.wav	Frying	3.060	3.160
YD02MlVKuAZU_230.000_240.000.wav	Frying	3.220	3.320
YD02MlVKuAZU_230.000_240.000.wav	Frying	3.560	8.260
YD02MlVKuAZU_230.000_240.000.wav	Frying	8.840	8.940
YD02MlVKuAZU_230.000_240.000.wav	Frying	9.200	9.360
YD02MlVKuAZU_230.000_240.000.wav	Frying	9.400	10.020
YKk6C7Mm6qWM_20.000_30.000.wav	Alarm_bell_ringing	5.060	10.020
Y3kx-UhywUf0_20.000_30.000.wav	Vacuum_cleaner	6.640	9.980
Y3TyBFLPxDw8_0.000_9.000.wav	Speech	0.780	3.460
Y3TyBFLPxDw8_0.000_9.000.wav	Speech	6.580	6.720
Y3TyBFLPxDw8_0.000_9.000.wav	Dog	4.280	4.360
Y3TyBFLPxDw8_0.000_9.000.wav	Dog	4.600	6.980
Y3TyBFLPxDw8_0.000_9.000.wav	Dog	7.200	9.020
YV0gj0EFXIyk_250.000_260.000.wav	Speech	4.600	4.640
YV0gj0EFXIyk_250.000_260.000.wav	Speech	5.500	5.560
YV0gj0EFXIyk_250.000_260.000.wav	Speech	9.140	10.020
YV0gj0EFXIyk_250.000_260.000.wav	Electric_shaver_toothbrush	0.000	4.060
YV0gj0EFXIyk_250.000_260.000.wav	Electric_shaver_toothbrush	4.080	4.620
YV0gj0EFXIyk_250.000_260.000.wav	Electric_shaver_toothbrush	4.660	4.800
YV0gj0EFXIyk_250.000_260.000.wav	Electric_shaver_toothbrush	5.400	5.420
YV0gj0EFXIyk_250.000_260.000.wav	Electric_shaver_toothbrush	5.620	6.380
YV0gj0EFXIyk_250.000_260.000.wav	Electric_shaver_toothbrush	7.220	7.260
YV0gj0EFXIyk_250.000_260.000.wav	Electric_shaver_toothbrush	7.340	7.480
YV0gj0EFXIyk_250.000_260.000.wav	Electric_shaver_toothbrush	7.560	7.620
YV0gj0EFXIyk_250.000_260.000.wav	Electric_shaver_toothbrush	7.700	7.720
YV0gj0EFXIyk_250.000_260.000.wav	Electric_shaver_toothbrush	7.820	8.320
YHjyl1n_1muU_6.000_16.000.wav	Cat	0.000	9.160
YFN9mktgYZJ8_30.000_40.000.wav	Speech	0.520	1.580
YFN9mktgYZJ8_30.000_40.000.wav	Speech	2.660	2.820
YFN9mktgYZJ8_30.000_40.000.wav	Speech	3.200	5.260
YFN9mktgYZJ8_30.000_40.000.wav	Dishes	8.800	8.880
YFN9mktgYZJ8_30.000_40.000.wav	Dishes	9.200	9.220
YFN9mktgYZJ8_30.000_40.000.wav	Running_water	7.400	8.000
YCWSausmeEr8_160.000_170.000.wav	Running_water	0.200	0.400
YCWSausmeEr8_160.000_170.000.wav	Running_water	3.460	3.500
YCWSausmeEr8_160.000_170.000.wav	Running_water	4.320	4.340
YCWSausmeEr8_160.000_170.000.wav	Running_water	5.220	5.300
YCWSausmeEr8_160.000_170.000.wav	Running_water	5.320	5.380
YCWSausmeEr8_160.000_170.000.wav	Running_water	5.620	6.120
YCWSausmeEr8_160.000_170.000.wav	Running_water	6.180	6.820
YCWSausmeEr8_160.000_170.000.wav	Running_water	7.700	7.920
YFatuEXsaQ20_30.000_40.000.wav	Running_water	4.020	4.040
YFatuEXsaQ20_30.000_40.000.wav	Running_water	6.720	6.780
YFatuEXsaQ20_30.000_40.000.wav	Running_water	7.640	7.780
YFatuEXsaQ20_30.000_40.000.wav	Vacuum_cleaner	0.280	2.060
YFatuEXsaQ20_30.000_40.000.wav	Vacuum_cleaner	2.100	2.420
Y0-N62G9etNE_30.000_40.000.wav	Speech	7.480	7.740
Y0-N62G9etNE_30.000_40.000.wav	Speech	8.560	8.600
Y0-N62G9etNE_30.000_40.000.wav	Blender	0.020	4.720
Y0-N62G9etNE_30.000_40.000.wav	Blender	5.380	9.600
YK8yPsF_C8V0_70.000_80.000.wav	Dishes	0.720	8.920
YK8yPsF_C8V0_70.000_80.000.wav	Frying	4.240	7.500
YK8yPsF_C8V0_70.000_80.000.wav	Frying	7.680	8.340
YfS9TYqfz_Po_181.000_191.000.wav	Speech	5.020	5.920
YfS9TYqfz_Po_181.000_191.000.wav	Speech	8.400	9.680
YfS9TYqfz_Po_181.000_191.000.wav	Dog	2.020	2.500
YfS9TYqfz_Po_181.000_191.000.wav	Dog	10.000	10.020
Y5569EtjDU_M_290.000_300.000.wav	Speech	6.980	7.680
Y5569EtjDU_M_290.000_300.000.wav	Dishes	0.000	0.020
Y5569EtjDU_M_290.000_300.000.wav	Dishes	0.100	7.060
Y5569EtjDU_M_290.000_300.000.wav	Dishes	9.160	9.540
Y5569EtjDU_M_290.000_300.000.wav	Frying	2.380	2.620
Y5569EtjDU_M_290.000_300.000.wav	Frying	2.860	2.880
Y5569EtjDU_M_290.000_300.000.wav	Frying	3.560	3.580
YEy7CIPAeqsY_30.000_40.000.wav	Speech	6.740	6.840
YEy7CIPAeqsY_30.000_40.000.wav	Dog	1.060	2.380
YEy7CIPAeqsY_30.000_40.000.wav	Dog	2.480	2.580
YEy7CIPAeqsY_30.000_40.000.wav	Dog	2.620	2.980
YEy7CIPAeqsY_30.000_40.000.wav	Dog	3.340	3.480
YEy7CIPAeqsY_30.000_40.000.wav	Dog	3.660	3.760
YEy7CIPAeqsY_30.000_40.000.wav	Dog	3.860	4.980
YEy7CIPAeqsY_30.000_40.000.wav	Dog	7.300	7.440
YEy7CIPAeqsY_30.000_40.000.wav	Dog	7.900	8.260
YEy7CIPAeqsY_30.000_40.000.wav	Dog	8.300	8.360
YEy7CIPAeqsY_30.000_40.000.wav	Dog	8.420	8.440
YEy7CIPAeqsY_30.000_40.000.wav	Dog	9.720	10.020
Y0AA0R8gbxcI_30.000_40.000.wav	Speech	0.000	0.740
Y0AA0R8gbxcI_30.000_40.000.wav	Speech	1.600	2.020
Y0AA0R8gbxcI_30.000_40.000.wav	Speech	2.280	2.300
Y0AA0R8gbxcI_30.000_40.000.wav	Speech	2.620	3.060
Y0AA0R8gbxcI_30.000_40.000.wav	Speech	5.780	5.900
Y0AA0R8gbxcI_30.000_40.000.wav	Speech	6.060	10.020
Y0AA0R8gbxcI_30.000_40.000.wav	Blender	0.720	1.420
Y0AA0R8gbxcI_30.000_40.000.wav	Blender	2.320	2.600
Y0AA0R8gbxcI_30.000_40.000.wav	Blender	3.020	5.160
Y0AA0R8gbxcI_30.000_40.000.wav	Blender	5.280	5.700
YjF73O9J4KEI_30.000_40.000.wav	Cat	0.200	7.920
YjF73O9J4KEI_30.000_40.000.wav	Alarm_bell_ringing	9.160	9.660
Y2KhtV4TsZ3M_120.000_130.000.wav	Speech	0.380	0.400
Y2KhtV4TsZ3M_120.000_130.000.wav	Dishes	0.040	0.360
Y2KhtV4TsZ3M_120.000_130.000.wav	Dishes	0.420	9.940
Y2KhtV4TsZ3M_120.000_130.000.wav	Dishes	10.000	10.020
Y2KhtV4TsZ3M_120.000_130.000.wav	Frying	0.000	0.360
Y2KhtV4TsZ3M_120.000_130.000.wav	Frying	0.460	3.360
Y2KhtV4TsZ3M_120.000_130.000.wav	Frying	3.400	9.380
Y2KhtV4TsZ3M_120.000_130.000.wav	Frying	9.580	9.880
YukYd1nfdJlM_60.000_70.000.wav	Speech	2.600	3.860
YukYd1nfdJlM_60.000_70.000.wav	Running_water	5.040	9.700
Y-_HXiz8XnV0_580.000_590.000.wav	Speech	0.000	0.260
Y-_HXiz8XnV0_580.000_590.000.wav	Cat	1.640	5.560
Y-_HXiz8XnV0_580.000_590.000.wav	Cat	5.720	6.000
Y-_HXiz8XnV0_580.000_590.000.wav	Cat	6.580	6.600
Y-_HXiz8XnV0_580.000_590.000.wav	Cat	6.680	6.800
YT_FZMsRHzLc_30.000_40.000.wav	Alarm_bell_ringing	0.420	6.860
Ydy7klgwlfNs_280.000_290.000.wav	Speech	5.220	6.320
Ydy7klgwlfNs_280.000_290.000.wav	Speech	7.560	8.800
Ydy7klgwlfNs_280.000_290.000.wav	Cat	0.860	0.880
Ydy7klgwlfNs_280.000_290.000.wav	Cat	0.960	1.960
Ydy7klgwlfNs_280.000_290.000.wav	Cat	1.980	2.860
Ydy7klgwlfNs_280.000_290.000.wav	Cat	2.880	2.980
Ydy7klgwlfNs_280.000_290.000.wav	Cat	3.660	3.700
Ydy7klgwlfNs_280.000_290.000.wav	Cat	4.400	4.440
Y-jZENGDFArw_80.000_90.000.wav	Speech	1.500	2.140
Y-jZENGDFArw_80.000_90.000.wav	Speech	3.820	4.180
Y-jZENGDFArw_80.000_90.000.wav	Speech	9.760	9.980
Y-jZENGDFArw_80.000_90.000.wav	Dog	5.900	7.620
Y-jZENGDFArw_80.000_90.000.wav	Dog	7.760	7.860
Y-jZENGDFArw_80.000_90.000.wav	Dog	8.640	8.680
YMNwv1tGeR_I_30.000_40.000.wav	Speech	0.000	5.000
YMNwv1tGeR_I_30.000_40.000.wav	Speech	6.560	10.020
Y4Jc8UZHaqHw_19.000_29.000.wav	Dog	1.920	9.120
YmlpF226Gvlo_0.000_10.000.wav	Cat	0.180	7.900
YmlpF226Gvlo_0.000_10.000.wav	Cat	8.040	8.580
YmlpF226Gvlo_0.000_10.000.wav	Cat	9.960	10.020
YXPwJUqBkTBg_110.000_120.000.wav	Vacuum_cleaner	3.060	3.140
YXPwJUqBkTBg_110.000_120.000.wav	Vacuum_cleaner	3.160	9.560
YXPwJUqBkTBg_110.000_120.000.wav	Vacuum_cleaner	9.620	9.680
YE-ChpXLfh_E_30.000_40.000.wav	Speech	5.780	5.900
YE-ChpXLfh_E_30.000_40.000.wav	Speech	6.120	6.220
YE-ChpXLfh_E_30.000_40.000.wav	Speech	7.700	8.820
YE-ChpXLfh_E_30.000_40.000.wav	Alarm_bell_ringing	0.000	4.380
YE-ChpXLfh_E_30.000_40.000.wav	Alarm_bell_ringing	4.920	5.800
YE-ChpXLfh_E_30.000_40.000.wav	Alarm_bell_ringing	5.840	7.680
YE-ChpXLfh_E_30.000_40.000.wav	Alarm_bell_ringing	8.780	9.800
Y-8Mzg0pjOzc_30.000_40.000.wav	Speech	0.220	2.280
Y-8Mzg0pjOzc_30.000_40.000.wav	Speech	2.560	6.680
Y-8Mzg0pjOzc_30.000_40.000.wav	Speech	6.780	7.040
Y-8Mzg0pjOzc_30.000_40.000.wav	Speech	7.060	10.020
Y-8Mzg0pjOzc_30.000_40.000.wav	Dishes	2.300	2.660
Y-8Mzg0pjOzc_30.000_40.000.wav	Frying	2.320	2.640
YnmuGX7pwjTE_250.000_260.000.wav	Speech	0.000	0.820
YnmuGX7pwjTE_250.000_260.000.wav	Speech	1.800	3.220
YnmuGX7pwjTE_250.000_260.000.wav	Speech	3.780	5.300
YnmuGX7pwjTE_250.000_260.000.wav	Speech	5.740	7.020
YnmuGX7pwjTE_250.000_260.000.wav	Speech	7.740	10.020
YnmuGX7pwjTE_250.000_260.000.wav	Dishes	1.280	1.320
YnmuGX7pwjTE_250.000_260.000.wav	Dishes	1.360	1.840
YnmuGX7pwjTE_250.000_260.000.wav	Dishes	3.360	3.860
YnmuGX7pwjTE_250.000_260.000.wav	Dishes	7.220	7.680
YnmuGX7pwjTE_250.000_260.000.wav	Frying	1.420	1.820
YnmuGX7pwjTE_250.000_260.000.wav	Frying	3.500	3.760
YnmuGX7pwjTE_250.000_260.000.wav	Frying	5.560	5.800
YnmuGX7pwjTE_250.000_260.000.wav	Frying	7.060	7.740
Y7FlTfWm2fVY_41.000_51.000.wav	Speech	7.440	8.040
Y7FlTfWm2fVY_41.000_51.000.wav	Speech	8.380	8.420
Y7FlTfWm2fVY_41.000_51.000.wav	Speech	8.640	9.360
Y7FlTfWm2fVY_41.000_51.000.wav	Alarm_bell_ringing	0.000	3.420
Y7FlTfWm2fVY_41.000_51.000.wav	Alarm_bell_ringing	4.880	7.340
YkDwLN8_XS4Y_30.000_40.000.wav	Speech	0.000	0.840
YkDwLN8_XS4Y_30.000_40.000.wav	Speech	1.420	9.960
YQiFBbt-6yfU_0.000_10.000.wav	Speech	0.800	3.940
YQiFBbt-6yfU_0.000_10.000.wav	Cat	4.120	4.880
YQiFBbt-6yfU_0.000_10.000.wav	Cat	4.940	7.980
YMA2MTloAjr8_10.000_20.000.wav	Alarm_bell_ringing	0.600	10.020
YtBoyXW9_TwU_0.000_10.000.wav	Speech	2.660	5.120
YtBoyXW9_TwU_0.000_10.000.wav	Speech	6.220	10.020
YtBoyXW9_TwU_0.000_10.000.wav	Alarm_bell_ringing	1.500	2.680
YDqGNQbGXbcc_90.000_100.000.wav	Alarm_bell_ringing	5.560	10.020
Ykdf1gSHWMKE_120.000_130.000.wav	Speech	0.000	3.120
Ykdf1gSHWMKE_120.000_130.000.wav	Running_water	8.460	8.520
Ykdf1gSHWMKE_120.000_130.000.wav	Running_water	8.580	8.620
Ykdf1gSHWMKE_120.000_130.000.wav	Electric_shaver_toothbrush	3.520	5.220
Y9cYVBOJmXIw_30.000_40.000.wav	Speech	0.000	0.460
Y9cYVBOJmXIw_30.000_40.000.wav	Speech	0.860	0.940
Y9cYVBOJmXIw_30.000_40.000.wav	Speech	2.480	2.860
Y9cYVBOJmXIw_30.000_40.000.wav	Speech	3.320	3.500
Y9cYVBOJmXIw_30.000_40.000.wav	Dog	7.300	7.380
Y9cYVBOJmXIw_30.000_40.000.wav	Dog	8.120	8.240
Y9cYVBOJmXIw_30.000_40.000.wav	Dog	8.340	8.820
Y9cYVBOJmXIw_30.000_40.000.wav	Dog	8.880	9.900
Y9cYVBOJmXIw_30.000_40.000.wav	Dog	9.940	10.020
Y9cYVBOJmXIw_30.000_40.000.wav	Dishes	5.640	5.720
Y9cYVBOJmXIw_30.000_40.000.wav	Dishes	6.020	10.020
Y9cYVBOJmXIw_30.000_40.000.wav	Frying	8.800	8.860
Y9cYVBOJmXIw_30.000_40.000.wav	Frying	8.960	9.000
Y9cYVBOJmXIw_30.000_40.000.wav	Frying	9.500	9.720
YJCQHV_YHSEI_30.000_40.000.wav	Dog	2.960	5.360
YJCQHV_YHSEI_30.000_40.000.wav	Dog	6.020	10.020
YKn-WVGzPVZg_20.000_30.000.wav	Speech	8.220	8.340
YKn-WVGzPVZg_20.000_30.000.wav	Running_water	3.780	4.240
YKn-WVGzPVZg_20.000_30.000.wav	Running_water	4.320	6.720
YKn-WVGzPVZg_20.000_30.000.wav	Running_water	6.780	6.860
YKn-WVGzPVZg_20.000_30.000.wav	Running_water	6.920	7.380
YKn-WVGzPVZg_20.000_30.000.wav	Running_water	7.420	7.700
YKn-WVGzPVZg_20.000_30.000.wav	Running_water	8.340	9.160
YKn-WVGzPVZg_20.000_30.000.wav	Running_water	9.340	9.440
YKn-WVGzPVZg_20.000_30.000.wav	Running_water	9.460	9.840
YrhhoC11SBi4_0.000_10.000.wav	Speech	0.280	0.520
YrhhoC11SBi4_0.000_10.000.wav	Speech	8.500	9.000
YrhhoC11SBi4_0.000_10.000.wav	Speech	9.860	10.020
YU4LITdDmjvg_11.000_21.000.wav	Running_water	0.000	3.620
Y-M7ZNV6gLo0_310.000_320.000.wav	Speech	6.960	7.080
Y-M7ZNV6gLo0_310.000_320.000.wav	Speech	7.300	7.460
Y-M7ZNV6gLo0_310.000_320.000.wav	Speech	8.500	10.020
Y-M7ZNV6gLo0_310.000_320.000.wav	Dog	3.860	3.940
Y-0CamVQdP_Y_0.000_6.000.wav	Speech	5.080	6.020
Y1WGfcIOLUK8_30.000_40.000.wav	Speech	0.620	1.120
Y1WGfcIOLUK8_30.000_40.000.wav	Dog	2.060	2.120
Y1WGfcIOLUK8_30.000_40.000.wav	Dog	3.180	4.100
Y1WGfcIOLUK8_30.000_40.000.wav	Dog	6.160	6.360
Y1WGfcIOLUK8_30.000_40.000.wav	Dog	6.400	6.420
Y1WGfcIOLUK8_30.000_40.000.wav	Dog	6.440	10.020
YZ0IOolSgtNg_30.000_40.000.wav	Dog	8.340	10.020
YV23UiMHeJF4_0.000_10.000.wav	Vacuum_cleaner	1.700	9.940
YN_bWjtccFg0_20.000_30.000.wav	Speech	0.480	0.520
YN_bWjtccFg0_20.000_30.000.wav	Dog	1.600	10.020
YdB31Es7Z-iU_23.000_33.000.wav	Running_water	0.020	6.600
YdB31Es7Z-iU_23.000_33.000.wav	Running_water	6.680	6.720
YdB31Es7Z-iU_23.000_33.000.wav	Running_water	6.840	6.860
YdB31Es7Z-iU_23.000_33.000.wav	Running_water	6.900	6.920
YdB31Es7Z-iU_23.000_33.000.wav	Running_water	7.100	7.180
YdB31Es7Z-iU_23.000_33.000.wav	Running_water	7.320	8.040
YdB31Es7Z-iU_23.000_33.000.wav	Running_water	8.080	8.140
YRxYaU8ucFis_30.000_40.000.wav	Speech	0.000	0.480
YRxYaU8ucFis_30.000_40.000.wav	Speech	5.280	9.680
YRxYaU8ucFis_30.000_40.000.wav	Alarm_bell_ringing	0.800	2.860
YRxYaU8ucFis_30.000_40.000.wav	Electric_shaver_toothbrush	3.920	3.960
YRxYaU8ucFis_30.000_40.000.wav	Electric_shaver_toothbrush	4.100	4.480
YF2FjmfvmRa0_20.000_30.000.wav	Dog	0.080	10.020
YOFhMVCVS3xI_270.000_280.000.wav	Speech	6.800	10.020
YOFhMVCVS3xI_270.000_280.000.wav	Blender	2.340	4.900
YeB0kQ_zYdHc_180.000_190.000.wav	Speech	0.000	2.720
YeB0kQ_zYdHc_180.000_190.000.wav	Speech	9.420	10.020
YeB0kQ_zYdHc_180.000_190.000.wav	Blender	4.420	9.300
Yp-DFoKuwjAw_180.000_190.000.wav	Speech	0.360	2.140
Yp-DFoKuwjAw_180.000_190.000.wav	Speech	4.020	10.020
Yp-DFoKuwjAw_180.000_190.000.wav	Dishes	5.580	5.720
Yp-DFoKuwjAw_180.000_190.000.wav	Frying	5.520	5.680
Yp-DFoKuwjAw_180.000_190.000.wav	Running_water	3.180	3.240
Yp-DFoKuwjAw_180.000_190.000.wav	Running_water	3.360	3.400
Yp-DFoKuwjAw_180.000_190.000.wav	Running_water	3.780	4.000
YDPNmUOnE83o_10.000_20.000.wav	Speech	0.040	0.140
YDPNmUOnE83o_10.000_20.000.wav	Dog	2.760	3.980
YDPNmUOnE83o_10.000_20.000.wav	Dog	4.580	4.640
YDPNmUOnE83o_10.000_20.000.wav	Dog	4.700	10.020
YtEFlN-xm9Rs_400.000_410.000.wav	Speech	4.660	6.140
YtEFlN-xm9Rs_400.000_410.000.wav	Speech	9.280	9.940
YtEFlN-xm9Rs_400.000_410.000.wav	Alarm_bell_ringing	1.340	2.580
YiCuoP_GjP5U_450.000_460.000.wav	Electric_shaver_toothbrush	0.040	9.980
YiCuoP_GjP5U_450.000_460.000.wav	Electric_shaver_toothbrush	10.000	10.020
YFon1IZ0fRSI_30.000_40.000.wav	Speech	9.040	9.180
YFon1IZ0fRSI_30.000_40.000.wav	Speech	9.360	9.460
YFon1IZ0fRSI_30.000_40.000.wav	Dog	1.760	10.020
YzDULhAxsJfY_60.000_70.000.wav	Electric_shaver_toothbrush	0.080	0.520
YzDULhAxsJfY_60.000_70.000.wav	Electric_shaver_toothbrush	1.900	2.000
YzDULhAxsJfY_60.000_70.000.wav	Electric_shaver_toothbrush	2.580	2.600
YzDULhAxsJfY_60.000_70.000.wav	Electric_shaver_toothbrush	2.840	2.880
YzDULhAxsJfY_60.000_70.000.wav	Electric_shaver_toothbrush	4.220	4.420
YzDULhAxsJfY_60.000_70.000.wav	Electric_shaver_toothbrush	4.560	4.660
YzDULhAxsJfY_60.000_70.000.wav	Electric_shaver_toothbrush	5.140	5.220
YzDULhAxsJfY_60.000_70.000.wav	Electric_shaver_toothbrush	5.680	5.740
YzDULhAxsJfY_60.000_70.000.wav	Electric_shaver_toothbrush	6.420	6.480
YzDULhAxsJfY_60.000_70.000.wav	Electric_shaver_toothbrush	7.220	7.320
YzDULhAxsJfY_60.000_70.000.wav	Electric_shaver_toothbrush	7.860	7.920
YzDULhAxsJfY_60.000_70.000.wav	Electric_shaver_toothbrush	7.940	7.980
YzDULhAxsJfY_60.000_70.000.wav	Electric_shaver_toothbrush	8.020	9.040
YXwhCwPTpKQw_400.000_410.000.wav	Running_water	1.440	5.220
YerYO0AUJDUQ_120.000_130.000.wav	Running_water	9.140	9.580
YerYO0AUJDUQ_120.000_130.000.wav	Vacuum_cleaner	1.300	6.100
YerYO0AUJDUQ_120.000_130.000.wav	Vacuum_cleaner	7.480	8.060
Y0BgI0XxW0kE_340.000_350.000.wav	Dog	1.560	3.800
Y0BgI0XxW0kE_340.000_350.000.wav	Dog	3.840	3.920
Y0BgI0XxW0kE_340.000_350.000.wav	Dog	4.040	4.060
Y0BgI0XxW0kE_340.000_350.000.wav	Dog	4.080	4.160
Y0BgI0XxW0kE_340.000_350.000.wav	Dog	4.200	5.220
Y0BgI0XxW0kE_340.000_350.000.wav	Dog	6.740	6.820
Y0BgI0XxW0kE_340.000_350.000.wav	Dog	6.940	7.020
Y0BgI0XxW0kE_340.000_350.000.wav	Dog	7.120	7.240
Y0BgI0XxW0kE_340.000_350.000.wav	Dog	9.040	10.020
Yxa-lg7S1vns_51.000_61.000.wav	Dog	4.700	4.780
Yxa-lg7S1vns_51.000_61.000.wav	Cat	3.220	3.240
Yxa-lg7S1vns_51.000_61.000.wav	Cat	3.540	6.000
Y8W82WdRBx4E_20.000_30.000.wav	Cat	2.260	2.300
Y8W82WdRBx4E_20.000_30.000.wav	Cat	3.740	8.240
Y8W82WdRBx4E_20.000_30.000.wav	Alarm_bell_ringing	0.680	0.760
Y8W82WdRBx4E_20.000_30.000.wav	Alarm_bell_ringing	0.820	0.900
Y8W82WdRBx4E_20.000_30.000.wav	Alarm_bell_ringing	1.000	1.060
Y53-OcC7i-W4_25.000_35.000.wav	Alarm_bell_ringing	0.000	8.780
Y8CrTpWNBiTo_120.000_130.000.wav	Dog	0.720	10.020
YLf9Ll9KOBfY_320.000_330.000.wav	Speech	1.440	2.540
YLf9Ll9KOBfY_320.000_330.000.wav	Speech	3.200	3.800
YLf9Ll9KOBfY_320.000_330.000.wav	Speech	7.900	9.200
YLf9Ll9KOBfY_320.000_330.000.wav	Frying	4.200	4.220
YLf9Ll9KOBfY_320.000_330.000.wav	Frying	4.340	4.400
YLf9Ll9KOBfY_320.000_330.000.wav	Running_water	4.060	4.140
YLf9Ll9KOBfY_320.000_330.000.wav	Running_water	4.200	7.820
YUCsiHG_4wkk_0.000_10.000.wav	Speech	0.220	1.260
YUCsiHG_4wkk_0.000_10.000.wav	Speech	1.300	2.400
YUCsiHG_4wkk_0.000_10.000.wav	Speech	2.700	2.960
YUCsiHG_4wkk_0.000_10.000.wav	Speech	4.300	5.180
YUCsiHG_4wkk_0.000_10.000.wav	Speech	5.780	6.120
YUCsiHG_4wkk_0.000_10.000.wav	Speech	6.140	6.260
YUCsiHG_4wkk_0.000_10.000.wav	Speech	6.320	6.360
YUCsiHG_4wkk_0.000_10.000.wav	Speech	6.560	6.600
YUCsiHG_4wkk_0.000_10.000.wav	Speech	8.940	9.480
YUCsiHG_4wkk_0.000_10.000.wav	Alarm_bell_ringing	3.040	4.240
YUCsiHG_4wkk_0.000_10.000.wav	Alarm_bell_ringing	8.040	8.580
YZyJMdv7sXnU_550.000_560.000.wav	Speech	3.620	5.240
YZyJMdv7sXnU_550.000_560.000.wav	Speech	5.260	10.020
YZyJMdv7sXnU_550.000_560.000.wav	Blender	0.000	3.620
YJQ_4fYOd-R0_30.000_40.000.wav	Cat	0.000	9.240
YJQ_4fYOd-R0_30.000_40.000.wav	Cat	9.900	9.940
YJQ_4fYOd-R0_30.000_40.000.wav	Cat	10.000	10.020
Y8oTQbC9oDkY_27.000_37.000.wav	Speech	0.700	6.960
Y8oTQbC9oDkY_27.000_37.000.wav	Speech	9.080	10.020
YF-i7xaERdUA_113.000_123.000.wav	Alarm_bell_ringing	0.060	0.080
YF-i7xaERdUA_113.000_123.000.wav	Alarm_bell_ringing	5.680	5.700
YF-i7xaERdUA_113.000_123.000.wav	Alarm_bell_ringing	5.740	7.820
YF-i7xaERdUA_113.000_123.000.wav	Alarm_bell_ringing	8.020	8.040
YF-i7xaERdUA_113.000_123.000.wav	Alarm_bell_ringing	8.100	8.120
Y-VLOm8cJZRI_70.000_80.000.wav	Dishes	1.640	8.840
YScwMaXCZC7M_0.000_10.000.wav	Alarm_bell_ringing	0.000	0.020
YScwMaXCZC7M_0.000_10.000.wav	Alarm_bell_ringing	0.380	10.020
Y9DJVHVONlao_60.000_70.000.wav	Speech	0.280	1.720
Y9DJVHVONlao_60.000_70.000.wav	Speech	3.440	5.140
Y9DJVHVONlao_60.000_70.000.wav	Speech	6.100	6.460
Y9DJVHVONlao_60.000_70.000.wav	Dishes	1.840	3.500
YUfMr4FFsS28_21.000_31.000.wav	Dog	6.540	9.900
YUfMr4FFsS28_21.000_31.000.wav	Cat	0.000	2.340
YUfMr4FFsS28_21.000_31.000.wav	Cat	2.440	2.540
YUfMr4FFsS28_21.000_31.000.wav	Blender	4.200	4.720
Y6hyBe3FO-xI_30.000_40.000.wav	Vacuum_cleaner	0.160	0.240
YuoCay5JXnn4_0.000_10.000.wav	Running_water	3.840	8.700
Y-fz6omiAhZ8_40.000_50.000.wav	Speech	0.500	1.860
Y-fz6omiAhZ8_40.000_50.000.wav	Speech	2.000	2.440
Y-fz6omiAhZ8_40.000_50.000.wav	Speech	3.440	7.280
Y-fz6omiAhZ8_40.000_50.000.wav	Speech	7.440	10.020
YIcOOOLZVXnA_30.000_40.000.wav	Speech	0.920	0.980
YIcOOOLZVXnA_30.000_40.000.wav	Dog	8.300	9.940
YIcOOOLZVXnA_30.000_40.000.wav	Dog	10.000	10.020
YIcOOOLZVXnA_30.000_40.000.wav	Alarm_bell_ringing	4.920	5.720
YIcOOOLZVXnA_30.000_40.000.wav	Alarm_bell_ringing	6.040	7.340
YYxYnXDP_Oyc_280.000_290.000.wav	Speech	0.000	0.820
YYxYnXDP_Oyc_280.000_290.000.wav	Speech	4.900	5.000
YYxYnXDP_Oyc_280.000_290.000.wav	Speech	7.480	10.020
YYxYnXDP_Oyc_280.000_290.000.wav	Dishes	1.300	2.440
YYxYnXDP_Oyc_280.000_290.000.wav	Dishes	2.640	2.800
YYxYnXDP_Oyc_280.000_290.000.wav	Dishes	7.280	7.440
YYxYnXDP_Oyc_280.000_290.000.wav	Frying	0.840	3.340
YYxYnXDP_Oyc_280.000_290.000.wav	Frying	3.880	3.960
YYxYnXDP_Oyc_280.000_290.000.wav	Frying	4.020	4.100
YYxYnXDP_Oyc_280.000_290.000.wav	Frying	4.160	4.440
YYxYnXDP_Oyc_280.000_290.000.wav	Frying	5.180	6.060
YYxYnXDP_Oyc_280.000_290.000.wav	Frying	6.400	6.480
YYxYnXDP_Oyc_280.000_290.000.wav	Frying	6.800	7.540
YYxYnXDP_Oyc_280.000_290.000.wav	Electric_shaver_toothbrush	3.560	3.580
YYxYnXDP_Oyc_280.000_290.000.wav	Electric_shaver_toothbrush	3.780	3.840
YWzmlUCUX6WM_70.000_80.000.wav	Speech	0.160	0.200
YWzmlUCUX6WM_70.000_80.000.wav	Speech	2.080	2.360
YWzmlUCUX6WM_70.000_80.000.wav	Speech	2.620	3.040
YWzmlUCUX6WM_70.000_80.000.wav	Speech	6.380	6.440
YWzmlUCUX6WM_70.000_80.000.wav	Speech	6.680	8.040
YWzmlUCUX6WM_70.000_80.000.wav	Speech	8.740	8.840
YWzmlUCUX6WM_70.000_80.000.wav	Speech	9.220	10.020
YWzmlUCUX6WM_70.000_80.000.wav	Running_water	0.320	2.060
YWzmlUCUX6WM_70.000_80.000.wav	Running_water	3.200	3.260
YWzmlUCUX6WM_70.000_80.000.wav	Running_water	3.380	3.480
YWzmlUCUX6WM_70.000_80.000.wav	Running_water	3.760	3.800
YWzmlUCUX6WM_70.000_80.000.wav	Running_water	3.940	5.980
YWzmlUCUX6WM_70.000_80.000.wav	Running_water	6.000	6.140
YDjcbzPb1_Tk_30.000_40.000.wav	Dog	2.380	10.020
Y84uy3xSw9H0_30.000_40.000.wav	Speech	2.920	4.220
Y84uy3xSw9H0_30.000_40.000.wav	Speech	7.760	8.200
Y84uy3xSw9H0_30.000_40.000.wav	Speech	8.440	8.620
Y84uy3xSw9H0_30.000_40.000.wav	Speech	9.340	9.420
YZxWfqAhmnpg_50.000_60.000.wav	Running_water	1.920	4.700
Y0JKxC7qrgt0_80.000_90.000.wav	Speech	7.160	7.900
Y0JKxC7qrgt0_80.000_90.000.wav	Speech	8.860	9.240
Y0JKxC7qrgt0_80.000_90.000.wav	Dishes	2.040	2.120
Y0JKxC7qrgt0_80.000_90.000.wav	Dishes	2.300	3.500
Y0JKxC7qrgt0_80.000_90.000.wav	Dishes	3.640	3.860
YR-KzhZBuz-0_200.000_210.000.wav	Speech	8.380	8.480
YR-KzhZBuz-0_200.000_210.000.wav	Speech	8.860	10.020
YR-KzhZBuz-0_200.000_210.000.wav	Blender	0.540	0.600
YR-KzhZBuz-0_200.000_210.000.wav	Blender	0.680	0.780
YR-KzhZBuz-0_200.000_210.000.wav	Blender	0.940	1.260
YR-KzhZBuz-0_200.000_210.000.wav	Blender	1.980	2.080
YR-KzhZBuz-0_200.000_210.000.wav	Blender	2.160	2.280
YR-KzhZBuz-0_200.000_210.000.wav	Blender	2.500	2.520
YR-KzhZBuz-0_200.000_210.000.wav	Blender	2.620	3.140
YR-KzhZBuz-0_200.000_210.000.wav	Blender	3.440	3.460
YR-KzhZBuz-0_200.000_210.000.wav	Blender	3.520	3.560
YR-KzhZBuz-0_200.000_210.000.wav	Blender	4.340	4.400
YR-KzhZBuz-0_200.000_210.000.wav	Blender	4.960	6.720
YtYChCV0-rCA_110.000_120.000.wav	Speech	2.360	2.420
YtYChCV0-rCA_110.000_120.000.wav	Speech	7.520	8.960
YtYChCV0-rCA_110.000_120.000.wav	Speech	9.400	10.020
YtYChCV0-rCA_110.000_120.000.wav	Dishes	3.340	7.340
YtYChCV0-rCA_110.000_120.000.wav	Blender	0.940	2.020
Y1nx8b3U8ZqA_95.000_105.000.wav	Speech	0.000	0.440
Y1nx8b3U8ZqA_95.000_105.000.wav	Speech	1.080	3.840
Y1nx8b3U8ZqA_95.000_105.000.wav	Speech	4.360	7.080
Y1nx8b3U8ZqA_95.000_105.000.wav	Speech	7.300	8.900
Y1nx8b3U8ZqA_95.000_105.000.wav	Speech	9.940	9.980
Y1nx8b3U8ZqA_95.000_105.000.wav	Frying	9.500	9.560
Y1nx8b3U8ZqA_95.000_105.000.wav	Frying	9.580	9.760
Y1nx8b3U8ZqA_95.000_105.000.wav	Frying	9.820	9.880
YgTXz4thnsYQ_100.000_110.000.wav	Blender	0.280	0.520
YgTXz4thnsYQ_100.000_110.000.wav	Blender	0.560	0.880
YgTXz4thnsYQ_100.000_110.000.wav	Blender	1.320	1.340
YgTXz4thnsYQ_100.000_110.000.wav	Blender	1.420	1.460
YgTXz4thnsYQ_100.000_110.000.wav	Blender	1.780	2.120
YgTXz4thnsYQ_100.000_110.000.wav	Blender	2.320	2.640
YgTXz4thnsYQ_100.000_110.000.wav	Running_water	3.060	3.160
YgTXz4thnsYQ_100.000_110.000.wav	Running_water	3.200	3.440
YgTXz4thnsYQ_100.000_110.000.wav	Running_water	5.080	5.700
Y36E3XXqab40_40.000_50.000.wav	Speech	0.000	4.940
Y36E3XXqab40_40.000_50.000.wav	Speech	7.080	9.500
Y36E3XXqab40_40.000_50.000.wav	Speech	9.600	9.680
Y36E3XXqab40_40.000_50.000.wav	Frying	5.680	7.120
Y36E3XXqab40_40.000_50.000.wav	Frying	9.820	10.020
Y-wQ8El8J_dE_30.000_40.000.wav	Speech	0.000	0.100
Y-wQ8El8J_dE_30.000_40.000.wav	Speech	0.540	1.980
Y-wQ8El8J_dE_30.000_40.000.wav	Speech	3.720	8.060
Y-wQ8El8J_dE_30.000_40.000.wav	Speech	8.540	9.780
Y-wQ8El8J_dE_30.000_40.000.wav	Dishes	2.660	3.760
Y-YAyjUL7_xo_200.000_210.000.wav	Speech	2.560	5.880
Y-YAyjUL7_xo_200.000_210.000.wav	Frying	6.240	7.100
Y-YAyjUL7_xo_200.000_210.000.wav	Frying	7.260	7.320
Y-YAyjUL7_xo_200.000_210.000.wav	Running_water	7.620	7.680
Y-YAyjUL7_xo_200.000_210.000.wav	Running_water	7.820	7.940
Y-YAyjUL7_xo_200.000_210.000.wav	Running_water	8.160	8.300
Y-YAyjUL7_xo_200.000_210.000.wav	Running_water	8.340	8.360
Y-YAyjUL7_xo_200.000_210.000.wav	Running_water	8.480	8.620
Y-YAyjUL7_xo_200.000_210.000.wav	Running_water	8.680	8.700
Y-YAyjUL7_xo_200.000_210.000.wav	Running_water	9.280	9.380
Y7CRVoUCXg_A_30.000_40.000.wav	Speech	1.300	1.800
Y7CRVoUCXg_A_30.000_40.000.wav	Speech	5.560	6.340
Y7CRVoUCXg_A_30.000_40.000.wav	Speech	9.140	9.980
Y7CRVoUCXg_A_30.000_40.000.wav	Dog	0.760	0.820
Y7CRVoUCXg_A_30.000_40.000.wav	Dog	0.880	1.520
Y7CRVoUCXg_A_30.000_40.000.wav	Dog	1.700	5.500
Y7CRVoUCXg_A_30.000_40.000.wav	Dog	6.460	8.080
Y1SLrRllxMkU_60.000_70.000.wav	Speech	0.000	2.180
Y1SLrRllxMkU_60.000_70.000.wav	Speech	2.620	2.680
Y1SLrRllxMkU_60.000_70.000.wav	Dog	4.040	6.040
Y1SLrRllxMkU_60.000_70.000.wav	Dog	6.100	6.200
Y1SLrRllxMkU_60.000_70.000.wav	Dog	6.940	6.980
YSUFOgc9Pkd8_30.000_40.000.wav	Speech	8.780	10.020
YSUFOgc9Pkd8_30.000_40.000.wav	Dog	3.260	3.320
YSUFOgc9Pkd8_30.000_40.000.wav	Dog	5.900	8.080
YIUdIAuoqEbM_0.000_10.000.wav	Dog	5.720	5.760
YIUdIAuoqEbM_0.000_10.000.wav	Dog	6.000	6.360
YIUdIAuoqEbM_0.000_10.000.wav	Dog	6.400	6.960
YuXDi40QfH9E_320.000_330.000.wav	Dog	9.780	9.940
YuXDi40QfH9E_320.000_330.000.wav	Blender	0.240	0.980
YuXDi40QfH9E_320.000_330.000.wav	Blender	6.220	6.960
YuXDi40QfH9E_320.000_330.000.wav	Blender	6.980	7.140
YuXDi40QfH9E_320.000_330.000.wav	Blender	7.880	8.300
YuXDi40QfH9E_320.000_330.000.wav	Blender	8.320	8.440
YReJR84wiUdM_30.000_40.000.wav	Alarm_bell_ringing	0.000	5.440
YReJR84wiUdM_30.000_40.000.wav	Alarm_bell_ringing	7.420	9.420
Yaj1pv3GKtZY_60.000_70.000.wav	Speech	0.000	2.540
Yaj1pv3GKtZY_60.000_70.000.wav	Speech	3.700	5.700
Yaj1pv3GKtZY_60.000_70.000.wav	Speech	7.220	9.680
YZfDu5aHVrAg_205.000_215.000.wav	Speech	0.000	4.680
YZfDu5aHVrAg_205.000_215.000.wav	Speech	5.040	5.060
YZfDu5aHVrAg_205.000_215.000.wav	Speech	5.600	7.340
YZfDu5aHVrAg_205.000_215.000.wav	Speech	7.840	10.020
Y0LTmV_dOmmo_30.000_40.000.wav	Speech	7.220	8.200
Y0LTmV_dOmmo_30.000_40.000.wav	Dishes	4.540	7.240
YPB3VhxPnYIQ_30.000_40.000.wav	Dog	0.200	0.640
YPB3VhxPnYIQ_30.000_40.000.wav	Dog	0.660	0.700
YPB3VhxPnYIQ_30.000_40.000.wav	Dog	1.000	10.020
YWdIsOZQHeBY_30.000_40.000.wav	Dog	1.000	3.420
YWdIsOZQHeBY_30.000_40.000.wav	Dog	3.660	10.020
YWubFWxjQrC4_20.000_30.000.wav	Alarm_bell_ringing	7.740	10.020
YPwC9_vE_rqk_120.000_130.000.wav	Dishes	0.980	1.320
YPwC9_vE_rqk_120.000_130.000.wav	Dishes	1.360	4.920
YPwC9_vE_rqk_120.000_130.000.wav	Dishes	5.380	7.300
YPwC9_vE_rqk_120.000_130.000.wav	Frying	1.200	1.220
YPwC9_vE_rqk_120.000_130.000.wav	Frying	1.480	1.500
YPwC9_vE_rqk_120.000_130.000.wav	Frying	1.720	3.240
YPwC9_vE_rqk_120.000_130.000.wav	Frying	9.280	9.320
YPwC9_vE_rqk_120.000_130.000.wav	Frying	9.560	9.640
YPwC9_vE_rqk_120.000_130.000.wav	Frying	9.660	9.780
Y_gQFB_Utuf0_30.000_40.000.wav	Cat	0.000	10.020
Y3Qli5msTyH8_150.000_160.000.wav	Speech	5.040	6.420
Y3Qli5msTyH8_150.000_160.000.wav	Speech	6.740	7.540
Y3Qli5msTyH8_150.000_160.000.wav	Speech	8.800	9.860
Y3Qli5msTyH8_150.000_160.000.wav	Frying	0.120	3.800
Y3Qli5msTyH8_150.000_160.000.wav	Frying	3.920	4.980
Y3Qli5msTyH8_150.000_160.000.wav	Frying	6.500	6.560
Y3Qli5msTyH8_150.000_160.000.wav	Frying	6.600	6.740
Y3Qli5msTyH8_150.000_160.000.wav	Frying	7.600	7.860
Y3Qli5msTyH8_150.000_160.000.wav	Frying	7.940	8.760
Y-Gr9P8Abnlk_110.000_120.000.wav	Speech	0.000	0.640
Y-Gr9P8Abnlk_110.000_120.000.wav	Speech	0.700	0.740
Y-Gr9P8Abnlk_110.000_120.000.wav	Cat	1.160	8.880
YuPYNx8lT1gY_40.000_50.000.wav	Speech	1.740	3.420
YuPYNx8lT1gY_40.000_50.000.wav	Speech	7.820	8.240
YuPYNx8lT1gY_40.000_50.000.wav	Speech	8.700	10.020
YuPYNx8lT1gY_40.000_50.000.wav	Alarm_bell_ringing	7.320	7.860
YFxf5r3DNKXU_142.000_152.000.wav	Speech	0.000	0.200
YFxf5r3DNKXU_142.000_152.000.wav	Speech	0.940	3.960
YFxf5r3DNKXU_142.000_152.000.wav	Speech	4.040	4.180
YFxf5r3DNKXU_142.000_152.000.wav	Electric_shaver_toothbrush	0.280	0.980
YFxf5r3DNKXU_142.000_152.000.wav	Electric_shaver_toothbrush	4.720	7.180
YsaCjCc3OaU8_60.000_70.000.wav	Running_water	0.000	10.020
Y-yrutqBKk-U_30.000_40.000.wav	Speech	0.000	1.200
Y-yrutqBKk-U_30.000_40.000.wav	Speech	1.300	3.040
Y-yrutqBKk-U_30.000_40.000.wav	Speech	4.340	7.280
Y-yrutqBKk-U_30.000_40.000.wav	Speech	8.980	9.900
Y5H-b1D1mtk8_10.000_20.000.wav	Speech	0.460	1.540
Y5H-b1D1mtk8_10.000_20.000.wav	Speech	4.040	10.020
Y5H-b1D1mtk8_10.000_20.000.wav	Running_water	2.040	4.060
YAg_YyTCOFqw_30.000_40.000.wav	Speech	0.000	0.640
YAg_YyTCOFqw_30.000_40.000.wav	Speech	0.700	1.500
YAg_YyTCOFqw_30.000_40.000.wav	Speech	2.000	2.620
YAg_YyTCOFqw_30.000_40.000.wav	Speech	2.700	5.280
YAg_YyTCOFqw_30.000_40.000.wav	Speech	5.320	6.600
YAg_YyTCOFqw_30.000_40.000.wav	Speech	7.060	8.420
YAg_YyTCOFqw_30.000_40.000.wav	Speech	8.660	9.040
YAg_YyTCOFqw_30.000_40.000.wav	Frying	0.620	0.780
YAg_YyTCOFqw_30.000_40.000.wav	Frying	1.500	2.040
YAg_YyTCOFqw_30.000_40.000.wav	Frying	2.640	2.720
YAg_YyTCOFqw_30.000_40.000.wav	Frying	5.260	5.400
YAg_YyTCOFqw_30.000_40.000.wav	Frying	6.600	7.120
YAg_YyTCOFqw_30.000_40.000.wav	Frying	8.420	8.700
YAg_YyTCOFqw_30.000_40.000.wav	Frying	9.100	9.160
YAg_YyTCOFqw_30.000_40.000.wav	Frying	9.280	10.020
YOV8eysG8KEk_1.000_11.000.wav	Cat	0.000	4.600
Ya2prr9ZiFxA_580.000_590.000.wav	Speech	0.000	1.080
Ya2prr9ZiFxA_580.000_590.000.wav	Speech	3.360	3.540
Ya2prr9ZiFxA_580.000_590.000.wav	Speech	3.560	5.280
Ya2prr9ZiFxA_580.000_590.000.wav	Blender	2.060	3.280
Ya2prr9ZiFxA_580.000_590.000.wav	Running_water	7.220	9.680
Y-UTdhK0lwuw_30.000_40.000.wav	Running_water	0.000	10.020
YNpBpCvW0Rus_60.000_70.000.wav	Electric_shaver_toothbrush	0.000	9.960
YCIDw75mUl6c_30.000_40.000.wav	Speech	0.000	10.020
YkEakYl5pDEM_210.000_220.000.wav	Speech	3.620	6.320
YkEakYl5pDEM_210.000_220.000.wav	Dog	0.740	3.800
YkEakYl5pDEM_210.000_220.000.wav	Dog	7.740	7.800
YkEakYl5pDEM_210.000_220.000.wav	Dog	7.880	7.980
YkEakYl5pDEM_210.000_220.000.wav	Dog	8.520	8.560
YrgRQth5jSPU_70.000_80.000.wav	Speech	0.000	0.740
YrgRQth5jSPU_70.000_80.000.wav	Speech	3.180	4.040
YrgRQth5jSPU_70.000_80.000.wav	Dishes	3.120	3.160
YrgRQth5jSPU_70.000_80.000.wav	Frying	0.820	3.240
YrgRQth5jSPU_70.000_80.000.wav	Frying	4.140	4.900
YrgRQth5jSPU_70.000_80.000.wav	Running_water	7.800	9.860
YrgRQth5jSPU_70.000_80.000.wav	Running_water	10.000	10.020
YjlmyAZSidOQ_290.000_300.000.wav	Speech	4.780	9.080
YjlmyAZSidOQ_290.000_300.000.wav	Speech	9.220	10.020
YjlmyAZSidOQ_290.000_300.000.wav	Running_water	0.320	3.240
YjlmyAZSidOQ_290.000_300.000.wav	Running_water	3.260	3.280
YkjhwyGWGDkY_30.000_40.000.wav	Speech	0.000	0.800
YkjhwyGWGDkY_30.000_40.000.wav	Speech	5.280	8.340
YkjhwyGWGDkY_30.000_40.000.wav	Speech	8.480	10.020
YkjhwyGWGDkY_30.000_40.000.wav	Cat	3.060	3.160
Y3JJ700tVT_0_2.000_12.000.wav	Running_water	0.000	0.020
Y3JJ700tVT_0_2.000_12.000.wav	Running_water	0.040	7.220
YPS5KAEgrtMA_30.000_40.000.wav	Alarm_bell_ringing	0.500	9.980
YgyhxCxzvIps_10.000_20.000.wav	Cat	5.860	10.020
YWGqz-OVwLGs_40.000_50.000.wav	Vacuum_cleaner	0.060	9.980
YOGvcA1UgYHY_260.000_270.000.wav	Speech	0.000	1.340
YOGvcA1UgYHY_260.000_270.000.wav	Speech	5.960	6.080
YOGvcA1UgYHY_260.000_270.000.wav	Dog	9.180	9.800
YOGvcA1UgYHY_260.000_270.000.wav	Frying	1.680	2.480
YOGvcA1UgYHY_260.000_270.000.wav	Frying	2.740	3.580
YOGvcA1UgYHY_260.000_270.000.wav	Frying	3.740	4.800
YOGvcA1UgYHY_260.000_270.000.wav	Frying	4.820	5.320
YJh-ills3nEQ_30.000_40.000.wav	Dog	4.920	5.120
YJh-ills3nEQ_30.000_40.000.wav	Dog	5.480	9.740
YJh-ills3nEQ_30.000_40.000.wav	Dog	10.000	10.020
Y-fAGzY9rnaA_30.000_40.000.wav	Speech	0.000	2.060
Y-fAGzY9rnaA_30.000_40.000.wav	Speech	2.560	2.640
Y-fAGzY9rnaA_30.000_40.000.wav	Speech	2.840	5.820
Y-fAGzY9rnaA_30.000_40.000.wav	Speech	6.420	9.560
Y-fAGzY9rnaA_30.000_40.000.wav	Speech	9.820	10.020
Y1TAOyk0Xgss_370.000_380.000.wav	Speech	0.000	0.580
Y1TAOyk0Xgss_370.000_380.000.wav	Vacuum_cleaner	0.980	9.980
YMF88IYF2MHY_0.000_10.000.wav	Speech	4.360	5.160
YMF88IYF2MHY_0.000_10.000.wav	Electric_shaver_toothbrush	2.940	3.340
YMF88IYF2MHY_0.000_10.000.wav	Electric_shaver_toothbrush	3.440	4.020
Ym-zOMNnVX78_40.000_50.000.wav	Speech	0.020	0.480
Ym-zOMNnVX78_40.000_50.000.wav	Speech	6.840	7.020
Ym-zOMNnVX78_40.000_50.000.wav	Running_water	8.840	8.900
Ym-zOMNnVX78_40.000_50.000.wav	Running_water	8.920	9.880
YSVyopQxDdHc_560.000_570.000.wav	Speech	0.000	1.800
YSVyopQxDdHc_560.000_570.000.wav	Speech	1.960	2.200
YSVyopQxDdHc_560.000_570.000.wav	Speech	2.280	2.520
YSVyopQxDdHc_560.000_570.000.wav	Speech	5.080	5.880
YSVyopQxDdHc_560.000_570.000.wav	Speech	6.680	7.260
YSVyopQxDdHc_560.000_570.000.wav	Speech	7.300	7.420
YSVyopQxDdHc_560.000_570.000.wav	Speech	7.460	7.580
YSVyopQxDdHc_560.000_570.000.wav	Speech	7.900	7.960
YSVyopQxDdHc_560.000_570.000.wav	Frying	2.700	3.000
YSVyopQxDdHc_560.000_570.000.wav	Frying	3.040	5.020
YSVyopQxDdHc_560.000_570.000.wav	Frying	6.020	6.120
YSVyopQxDdHc_560.000_570.000.wav	Frying	6.160	6.260
YSVyopQxDdHc_560.000_570.000.wav	Frying	6.400	6.620
YSVyopQxDdHc_560.000_570.000.wav	Frying	8.120	8.640
YSVyopQxDdHc_560.000_570.000.wav	Frying	8.860	9.780
YSVyopQxDdHc_560.000_570.000.wav	Frying	9.840	9.900
YSVyopQxDdHc_560.000_570.000.wav	Running_water	8.760	8.880
YMgD5JedaXGs_20.000_30.000.wav	Dog	1.600	7.940
YMgD5JedaXGs_20.000_30.000.wav	Dog	10.000	10.020
YMgD5JedaXGs_20.000_30.000.wav	Cat	0.040	0.160
YSBVvm2xyVLU_380.000_390.000.wav	Speech	0.000	0.900
YSBVvm2xyVLU_380.000_390.000.wav	Speech	2.400	5.560
YSBVvm2xyVLU_380.000_390.000.wav	Speech	7.520	10.020
YSBVvm2xyVLU_380.000_390.000.wav	Dishes	5.760	7.720
Y4ynKNPBxypA_18.000_28.000.wav	Cat	0.000	9.660
Y4H5p1W_oS9g_160.000_170.000.wav	Running_water	2.880	6.980
Y4H5p1W_oS9g_160.000_170.000.wav	Running_water	8.040	10.020
YJunna4uGy5I_510.000_520.000.wav	Speech	0.000	3.600
YJunna4uGy5I_510.000_520.000.wav	Speech	6.300	7.000
YJunna4uGy5I_510.000_520.000.wav	Speech	9.040	10.020
YJunna4uGy5I_510.000_520.000.wav	Dishes	6.060	6.240
YJunna4uGy5I_510.000_520.000.wav	Blender	4.500	5.140
YJunna4uGy5I_510.000_520.000.wav	Running_water	7.460	8.040
Ye0SHMVK7cec_170.000_180.000.wav	Speech	0.000	2.960
Ye0SHMVK7cec_170.000_180.000.wav	Speech	4.060	8.480
Ye0SHMVK7cec_170.000_180.000.wav	Speech	9.820	10.020
Ye0SHMVK7cec_170.000_180.000.wav	Alarm_bell_ringing	8.480	9.760
YwMXiOt2HHUw_20.000_30.000.wav	Vacuum_cleaner	0.040	9.960
YL4Z7XkS6CtA_30.000_40.000.wav	Dog	2.400	9.820
YL4Z7XkS6CtA_30.000_40.000.wav	Dog	9.940	10.020
Y5bHKmOv3XzE_30.000_40.000.wav	Running_water	2.040	8.360
Y7916WqcPKBA_30.000_40.000.wav	Dog	6.380	6.860
Y7916WqcPKBA_30.000_40.000.wav	Dog	6.880	6.940
Y7916WqcPKBA_30.000_40.000.wav	Dog	7.020	7.220
Y7916WqcPKBA_30.000_40.000.wav	Alarm_bell_ringing	9.600	9.860
YwBqBVtBHDTE_30.000_40.000.wav	Alarm_bell_ringing	0.000	8.180
YXHKAWWnw4aQ_130.000_140.000.wav	Speech	0.060	3.740
YXHKAWWnw4aQ_130.000_140.000.wav	Speech	3.960	5.380
YXHKAWWnw4aQ_130.000_140.000.wav	Speech	6.600	8.820
YXHKAWWnw4aQ_130.000_140.000.wav	Speech	9.300	10.020
YXHKAWWnw4aQ_130.000_140.000.wav	Dishes	3.800	4.020
YXHKAWWnw4aQ_130.000_140.000.wav	Dishes	5.400	6.840
YXHKAWWnw4aQ_130.000_140.000.wav	Dishes	8.820	9.400
YXHKAWWnw4aQ_130.000_140.000.wav	Frying	3.760	4.000
YXHKAWWnw4aQ_130.000_140.000.wav	Frying	5.400	6.760
Y6OAXLFoBpLY_0.000_10.000.wav	Alarm_bell_ringing	0.160	0.180
Y6OAXLFoBpLY_0.000_10.000.wav	Alarm_bell_ringing	0.260	0.520
Y6OAXLFoBpLY_0.000_10.000.wav	Alarm_bell_ringing	0.560	0.660
Y6OAXLFoBpLY_0.000_10.000.wav	Dishes	3.080	9.960
Y6OAXLFoBpLY_0.000_10.000.wav	Dishes	10.000	10.020
YFu2PVtbwfhc_470.000_480.000.wav	Speech	7.740	9.560
YFu2PVtbwfhc_470.000_480.000.wav	Frying	0.100	0.160
YFu2PVtbwfhc_470.000_480.000.wav	Frying	0.380	0.560
YFu2PVtbwfhc_470.000_480.000.wav	Frying	0.600	1.620
YFu2PVtbwfhc_470.000_480.000.wav	Frying	1.640	3.280
YFu2PVtbwfhc_470.000_480.000.wav	Frying	3.320	3.380
YFu2PVtbwfhc_470.000_480.000.wav	Frying	3.420	3.560
YFu2PVtbwfhc_470.000_480.000.wav	Frying	3.780	3.840
YFu2PVtbwfhc_470.000_480.000.wav	Frying	3.900	4.020
YFu2PVtbwfhc_470.000_480.000.wav	Frying	4.060	4.160
YFu2PVtbwfhc_470.000_480.000.wav	Frying	4.660	4.740
YFu2PVtbwfhc_470.000_480.000.wav	Frying	4.940	5.080
YFu2PVtbwfhc_470.000_480.000.wav	Frying	5.100	5.280
YFu2PVtbwfhc_470.000_480.000.wav	Frying	5.400	5.840
YFu2PVtbwfhc_470.000_480.000.wav	Frying	5.960	6.620
YFu2PVtbwfhc_470.000_480.000.wav	Frying	6.660	7.100
YFu2PVtbwfhc_470.000_480.000.wav	Frying	7.180	7.720
YFu2PVtbwfhc_470.000_480.000.wav	Frying	9.640	9.820
YFu2PVtbwfhc_470.000_480.000.wav	Frying	9.900	10.020
YFu2PVtbwfhc_470.000_480.000.wav	Running_water	3.600	3.740
YFu2PVtbwfhc_470.000_480.000.wav	Running_water	4.220	4.240
YFu2PVtbwfhc_470.000_480.000.wav	Running_water	4.300	4.480
YvATUVASx8ug_0.000_10.000.wav	Alarm_bell_ringing	7.220	7.900
Y0foC-4n-eH0_0.000_8.000.wav	Dog	6.560	7.140
YJjqHDGzcz6c_100.000_110.000.wav	Vacuum_cleaner	3.640	9.920
YAF0CtMb81t8_30.000_40.000.wav	Speech	3.720	5.240
YAF0CtMb81t8_30.000_40.000.wav	Speech	6.540	6.800
YAF0CtMb81t8_30.000_40.000.wav	Dog	3.180	3.200
YAF0CtMb81t8_30.000_40.000.wav	Dog	3.240	3.520
YAF0CtMb81t8_30.000_40.000.wav	Dog	3.560	3.640
YAF0CtMb81t8_30.000_40.000.wav	Dog	5.820	6.460
YAF0CtMb81t8_30.000_40.000.wav	Dishes	8.640	9.620
YDwQ1WyGETDY_27.000_37.000.wav	Speech	2.720	2.760
YDwQ1WyGETDY_27.000_37.000.wav	Speech	2.860	2.900
YDwQ1WyGETDY_27.000_37.000.wav	Speech	2.980	3.040
YDwQ1WyGETDY_27.000_37.000.wav	Speech	5.980	7.280
YDwQ1WyGETDY_27.000_37.000.wav	Alarm_bell_ringing	0.040	2.420
YDwQ1WyGETDY_27.000_37.000.wav	Dishes	4.560	4.740
YDwQ1WyGETDY_27.000_37.000.wav	Dishes	4.760	4.860
YDwQ1WyGETDY_27.000_37.000.wav	Dishes	4.900	5.020
YDwQ1WyGETDY_27.000_37.000.wav	Dishes	5.060	5.120
YDwQ1WyGETDY_27.000_37.000.wav	Dishes	5.200	5.260
YDwQ1WyGETDY_27.000_37.000.wav	Dishes	5.320	5.860
YDwQ1WyGETDY_27.000_37.000.wav	Dishes	5.920	5.960
YDwQ1WyGETDY_27.000_37.000.wav	Dishes	7.640	7.960
Ye4VoLbOdkIE_180.000_190.000.wav	Speech	0.000	3.260
Ye4VoLbOdkIE_180.000_190.000.wav	Speech	4.340	7.080
Ye4VoLbOdkIE_180.000_190.000.wav	Speech	9.800	10.020
Ye4VoLbOdkIE_180.000_190.000.wav	Dishes	3.560	3.620
Ye4VoLbOdkIE_180.000_190.000.wav	Dishes	3.700	3.860
Ye4VoLbOdkIE_180.000_190.000.wav	Dishes	3.900	3.960
Ye4VoLbOdkIE_180.000_190.000.wav	Electric_shaver_toothbrush	7.040	9.820
YlBzEk72sMr0_370.000_380.000.wav	Speech	0.000	2.540
YlBzEk72sMr0_370.000_380.000.wav	Speech	3.760	4.660
YlBzEk72sMr0_370.000_380.000.wav	Speech	6.100	7.060
YlBzEk72sMr0_370.000_380.000.wav	Speech	7.540	8.800
YlBzEk72sMr0_370.000_380.000.wav	Speech	9.280	9.960
YlBzEk72sMr0_370.000_380.000.wav	Dishes	1.520	1.540
YlBzEk72sMr0_370.000_380.000.wav	Dishes	2.620	3.880
YlBzEk72sMr0_370.000_380.000.wav	Dishes	4.700	6.340
YlBzEk72sMr0_370.000_380.000.wav	Dishes	7.160	7.680
YlBzEk72sMr0_370.000_380.000.wav	Dishes	8.940	9.380
YO1sS0ahb4MA_160.000_170.000.wav	Speech	3.620	4.540
YO1sS0ahb4MA_160.000_170.000.wav	Speech	4.600	4.640
YO1sS0ahb4MA_160.000_170.000.wav	Speech	4.780	4.840
YO1sS0ahb4MA_160.000_170.000.wav	Speech	5.960	7.800
YO1sS0ahb4MA_160.000_170.000.wav	Speech	8.580	9.740
YO1sS0ahb4MA_160.000_170.000.wav	Dishes	5.000	5.940
YO1sS0ahb4MA_160.000_170.000.wav	Dishes	7.940	8.520
YO1sS0ahb4MA_160.000_170.000.wav	Frying	0.680	0.900
YO1sS0ahb4MA_160.000_170.000.wav	Frying	0.980	3.580
YO1sS0ahb4MA_160.000_170.000.wav	Frying	4.900	5.980
YO1sS0ahb4MA_160.000_170.000.wav	Frying	7.840	8.560
YQrcL5TkDTD0_0.000_10.000.wav	Alarm_bell_ringing	4.220	8.380
Yw4_26WHfzko_30.000_40.000.wav	Running_water	0.000	8.400
YOvK__OSdpJQ_74.000_84.000.wav	Speech	0.000	0.380
YOvK__OSdpJQ_74.000_84.000.wav	Speech	0.440	10.020
Y-UKH_6moRZc_180.000_190.000.wav	Cat	0.260	0.660
Y-UKH_6moRZc_180.000_190.000.wav	Cat	0.700	2.280
Y-UKH_6moRZc_180.000_190.000.wav	Cat	2.440	2.460
Y-UKH_6moRZc_180.000_190.000.wav	Cat	2.760	2.980
Y-UKH_6moRZc_180.000_190.000.wav	Cat	7.140	9.320
Y-UKH_6moRZc_180.000_190.000.wav	Cat	9.560	10.000
YcfEKOEmFxp0_40.000_50.000.wav	Speech	0.000	0.100
YcfEKOEmFxp0_40.000_50.000.wav	Speech	0.280	0.420
YcfEKOEmFxp0_40.000_50.000.wav	Speech	1.400	4.480
YcfEKOEmFxp0_40.000_50.000.wav	Speech	5.260	6.500
YcfEKOEmFxp0_40.000_50.000.wav	Speech	7.560	9.120
YcfEKOEmFxp0_40.000_50.000.wav	Speech	9.280	9.360
YcfEKOEmFxp0_40.000_50.000.wav	Speech	9.460	9.600
YcfEKOEmFxp0_40.000_50.000.wav	Frying	0.560	1.140
YcfEKOEmFxp0_40.000_50.000.wav	Frying	9.800	10.000
YcfEKOEmFxp0_40.000_50.000.wav	Running_water	9.140	9.300
YcfEKOEmFxp0_40.000_50.000.wav	Running_water	9.320	9.480
YcfEKOEmFxp0_40.000_50.000.wav	Running_water	9.620	9.880
Y2IEoe3YvCJo_20.000_30.000.wav	Speech	3.360	3.380
Y2IEoe3YvCJo_20.000_30.000.wav	Speech	7.340	7.420
Y2IEoe3YvCJo_20.000_30.000.wav	Blender	0.040	0.860
Y2IEoe3YvCJo_20.000_30.000.wav	Blender	1.320	1.480
Y2IEoe3YvCJo_20.000_30.000.wav	Blender	4.040	4.140
Y2IEoe3YvCJo_20.000_30.000.wav	Blender	4.260	4.880
Y2IEoe3YvCJo_20.000_30.000.wav	Running_water	6.780	7.340
Y2IEoe3YvCJo_20.000_30.000.wav	Running_water	7.520	8.720
YEmPv3XBRi-w_50.000_60.000.wav	Running_water	0.000	7.660
YEmPv3XBRi-w_50.000_60.000.wav	Running_water	8.540	8.920
Y8qMwRaqKt3Y_50.000_60.000.wav	Speech	0.680	1.340
Y8qMwRaqKt3Y_50.000_60.000.wav	Speech	1.540	1.840
Y8qMwRaqKt3Y_50.000_60.000.wav	Speech	4.080	4.840
Y8qMwRaqKt3Y_50.000_60.000.wav	Dog	5.600	10.020
Y8qMwRaqKt3Y_50.000_60.000.wav	Dishes	2.700	2.960
YZLX7NZF2-KE_340.000_350.000.wav	Speech	0.000	1.820
YZLX7NZF2-KE_340.000_350.000.wav	Speech	2.040	3.660
YZLX7NZF2-KE_340.000_350.000.wav	Speech	3.840	6.060
YZLX7NZF2-KE_340.000_350.000.wav	Speech	6.460	6.600
YZLX7NZF2-KE_340.000_350.000.wav	Speech	6.660	6.800
YZLX7NZF2-KE_340.000_350.000.wav	Speech	7.100	7.600
YZLX7NZF2-KE_340.000_350.000.wav	Speech	9.320	10.020
YZLX7NZF2-KE_340.000_350.000.wav	Dishes	7.580	9.540
YZLX7NZF2-KE_340.000_350.000.wav	Frying	8.200	8.280
Y8UQI59N-bAs_10.000_20.000.wav	Alarm_bell_ringing	0.000	10.020
YZt-2s6YGPOE_440.000_450.000.wav	Speech	8.860	10.020
YZt-2s6YGPOE_440.000_450.000.wav	Running_water	0.000	2.800
YRi-tkp3IIic_10.000_20.000.wav	Dog	1.560	5.760
YRi-tkp3IIic_10.000_20.000.wav	Cat	7.440	10.000
YSonqbrzgxQs_6.000_16.000.wav	Alarm_bell_ringing	0.060	9.120
YAZBIHwmppHo_51.000_61.000.wav	Speech	0.000	1.640
YAZBIHwmppHo_51.000_61.000.wav	Speech	2.580	7.120
YAZBIHwmppHo_51.000_61.000.wav	Speech	7.340	10.020
YEeGWe8e_2jg_30.000_40.000.wav	Dog	0.160	10.000
Y75PJeJ2hGcw_30.000_40.000.wav	Dog	9.740	9.980
Y75PJeJ2hGcw_30.000_40.000.wav	Cat	0.220	1.820
Y75PJeJ2hGcw_30.000_40.000.wav	Cat	4.460	5.620
Y75PJeJ2hGcw_30.000_40.000.wav	Cat	7.040	8.500
YF2eqfiTxDwg_240.000_250.000.wav	Speech	0.200	2.480
YF2eqfiTxDwg_240.000_250.000.wav	Speech	4.300	5.220
YF2eqfiTxDwg_240.000_250.000.wav	Speech	6.640	7.280
YF2eqfiTxDwg_240.000_250.000.wav	Alarm_bell_ringing	0.080	0.200
YF2eqfiTxDwg_240.000_250.000.wav	Blender	8.300	9.940
YHUm2vzjI6DQ_220.000_230.000.wav	Blender	0.000	9.880
YtMxA0pghG4k_30.000_40.000.wav	Alarm_bell_ringing	1.820	2.680
YtMxA0pghG4k_30.000_40.000.wav	Alarm_bell_ringing	5.700	6.980
YAKjcrEsYykE_340.000_350.000.wav	Speech	0.020	0.160
YAKjcrEsYykE_340.000_350.000.wav	Speech	0.240	0.320
YAKjcrEsYykE_340.000_350.000.wav	Speech	0.380	0.400
YAKjcrEsYykE_340.000_350.000.wav	Speech	7.680	9.640
YAKjcrEsYykE_340.000_350.000.wav	Blender	0.440	0.500
YAKjcrEsYykE_340.000_350.000.wav	Blender	0.780	1.280
YAKjcrEsYykE_340.000_350.000.wav	Blender	1.500	3.900
Y6f1OGWQG9wc_10.000_20.000.wav	Alarm_bell_ringing	0.740	10.020
Y-oGJwGEsIiA_90.000_100.000.wav	Dog	2.560	2.640
Y-oGJwGEsIiA_90.000_100.000.wav	Cat	8.940	8.980
YAOijOUuUWwg_100.000_110.000.wav	Speech	4.320	4.340
YAOijOUuUWwg_100.000_110.000.wav	Speech	4.500	4.820
YAOijOUuUWwg_100.000_110.000.wav	Speech	5.580	6.200
YAOijOUuUWwg_100.000_110.000.wav	Speech	7.680	7.700
YAOijOUuUWwg_100.000_110.000.wav	Speech	7.920	8.780
YAOijOUuUWwg_100.000_110.000.wav	Electric_shaver_toothbrush	0.080	3.960
YSC9jczwzY-k_30.000_40.000.wav	Dog	3.180	10.020
Y-vZ-_4oFCzs_17.000_27.000.wav	Cat	0.000	5.440
Y-vZ-_4oFCzs_17.000_27.000.wav	Cat	5.560	5.820
Y-vZ-_4oFCzs_17.000_27.000.wav	Cat	6.340	7.200
YdnBRWaI4E38_20.000_30.000.wav	Speech	0.000	0.320
YdnBRWaI4E38_20.000_30.000.wav	Speech	1.220	3.280
YdnBRWaI4E38_20.000_30.000.wav	Speech	8.220	8.300
YdnBRWaI4E38_20.000_30.000.wav	Speech	8.340	8.400
YdnBRWaI4E38_20.000_30.000.wav	Speech	8.460	8.500
YdnBRWaI4E38_20.000_30.000.wav	Speech	8.820	9.700
YdnBRWaI4E38_20.000_30.000.wav	Cat	5.060	7.040
YflwHYHyToU0_180.000_190.000.wav	Speech	0.000	2.460
YflwHYHyToU0_180.000_190.000.wav	Speech	5.500	6.720
YflwHYHyToU0_180.000_190.000.wav	Speech	7.480	8.880
YflwHYHyToU0_180.000_190.000.wav	Speech	9.160	10.020
YflwHYHyToU0_180.000_190.000.wav	Alarm_bell_ringing	3.840	5.540
YQSRjdU4XpGA_10.000_20.000.wav	Vacuum_cleaner	4.460	4.800
YQSRjdU4XpGA_10.000_20.000.wav	Vacuum_cleaner	4.940	9.980
YQSRjdU4XpGA_10.000_20.000.wav	Electric_shaver_toothbrush	0.100	1.420
YQSRjdU4XpGA_10.000_20.000.wav	Electric_shaver_toothbrush	1.560	1.880
YQSRjdU4XpGA_10.000_20.000.wav	Electric_shaver_toothbrush	1.940	1.980
YQSRjdU4XpGA_10.000_20.000.wav	Electric_shaver_toothbrush	2.040	2.700
YQSRjdU4XpGA_10.000_20.000.wav	Electric_shaver_toothbrush	3.040	3.080
YQSRjdU4XpGA_10.000_20.000.wav	Electric_shaver_toothbrush	3.240	3.360
YQSRjdU4XpGA_10.000_20.000.wav	Electric_shaver_toothbrush	3.580	3.620
YQSRjdU4XpGA_10.000_20.000.wav	Electric_shaver_toothbrush	3.660	3.960
YQSRjdU4XpGA_10.000_20.000.wav	Electric_shaver_toothbrush	4.020	4.100
YNDtjWqCrP4Y_340.000_350.000.wav	Dishes	5.360	7.060
YNDtjWqCrP4Y_340.000_350.000.wav	Dishes	7.480	8.080
YNDtjWqCrP4Y_340.000_350.000.wav	Blender	0.720	3.920
Y3IW7578PicA_210.000_220.000.wav	Speech	2.280	2.380
Y3IW7578PicA_210.000_220.000.wav	Speech	7.260	8.900
Y3IW7578PicA_210.000_220.000.wav	Speech	9.720	10.020
Y3IW7578PicA_210.000_220.000.wav	Dishes	0.260	2.280
Y3IW7578PicA_210.000_220.000.wav	Dishes	2.480	6.800
Y3IW7578PicA_210.000_220.000.wav	Dishes	6.900	6.960
Y3IW7578PicA_210.000_220.000.wav	Dishes	6.980	7.260
Y3IW7578PicA_210.000_220.000.wav	Frying	0.100	1.380
Y3IW7578PicA_210.000_220.000.wav	Frying	1.580	1.680
Y3IW7578PicA_210.000_220.000.wav	Frying	1.800	2.220
Y3IW7578PicA_210.000_220.000.wav	Frying	2.520	6.820
Y3IW7578PicA_210.000_220.000.wav	Frying	7.100	7.260
Y3IW7578PicA_210.000_220.000.wav	Frying	8.920	9.720
Y6kUtpAr79xU_60.000_70.000.wav	Speech	0.820	1.840
Y6kUtpAr79xU_60.000_70.000.wav	Speech	1.960	2.320
Y6kUtpAr79xU_60.000_70.000.wav	Speech	2.700	3.220
Y6kUtpAr79xU_60.000_70.000.wav	Speech	3.620	3.780
Y6kUtpAr79xU_60.000_70.000.wav	Dog	0.260	0.480
Y6kUtpAr79xU_60.000_70.000.wav	Dog	6.160	6.920
Y6kUtpAr79xU_60.000_70.000.wav	Dog	9.120	9.940
Y6kUtpAr79xU_60.000_70.000.wav	Alarm_bell_ringing	0.080	0.140
Y6kUtpAr79xU_60.000_70.000.wav	Alarm_bell_ringing	6.980	9.300
YVRXOgXfC3EU_169.000_179.000.wav	Speech	0.000	10.020
YsT0c3VFcq7g_30.000_40.000.wav	Speech	0.000	0.460
YsT0c3VFcq7g_30.000_40.000.wav	Speech	3.360	4.100
YsT0c3VFcq7g_30.000_40.000.wav	Speech	5.720	6.660
YsT0c3VFcq7g_30.000_40.000.wav	Speech	9.840	10.020
YsT0c3VFcq7g_30.000_40.000.wav	Cat	2.680	3.020
YsT0c3VFcq7g_30.000_40.000.wav	Cat	4.280	5.480
YsT0c3VFcq7g_30.000_40.000.wav	Cat	6.680	8.980
YyXWFes0S6z0_30.000_40.000.wav	Cat	0.000	10.020
YY09tBEoLETY_440.000_450.000.wav	Cat	0.000	0.020
YY09tBEoLETY_440.000_450.000.wav	Cat	0.200	10.020
YrW9BQJBvEZQ_430.000_440.000.wav	Speech	3.220	7.180
YrW9BQJBvEZQ_430.000_440.000.wav	Speech	7.240	7.880
YrW9BQJBvEZQ_430.000_440.000.wav	Speech	7.940	8.160
YrW9BQJBvEZQ_430.000_440.000.wav	Speech	8.240	8.400
YrW9BQJBvEZQ_430.000_440.000.wav	Speech	8.460	10.020
YrW9BQJBvEZQ_430.000_440.000.wav	Alarm_bell_ringing	0.440	0.540
YrW9BQJBvEZQ_430.000_440.000.wav	Alarm_bell_ringing	0.840	0.880
YrW9BQJBvEZQ_430.000_440.000.wav	Alarm_bell_ringing	0.940	3.220
YJlc4DETobHE_50.000_60.000.wav	Vacuum_cleaner	0.040	6.640
Y-hJ1YTZ5AGI_30.000_40.000.wav	Speech	0.000	9.120
Y-hJ1YTZ5AGI_30.000_40.000.wav	Speech	9.300	9.940
YzY_7jujh3t4_300.000_310.000.wav	Speech	1.620	3.780
YzY_7jujh3t4_300.000_310.000.wav	Speech	3.900	4.080
YzY_7jujh3t4_300.000_310.000.wav	Speech	4.440	4.520
YzY_7jujh3t4_300.000_310.000.wav	Speech	4.580	4.640
YzY_7jujh3t4_300.000_310.000.wav	Speech	4.720	5.460
YzY_7jujh3t4_300.000_310.000.wav	Speech	5.560	5.640
YzY_7jujh3t4_300.000_310.000.wav	Dishes	0.580	0.620
YzY_7jujh3t4_300.000_310.000.wav	Dishes	0.720	1.560
YzY_7jujh3t4_300.000_310.000.wav	Frying	0.000	1.620
YzY_7jujh3t4_300.000_310.000.wav	Frying	2.200	2.220
YzY_7jujh3t4_300.000_310.000.wav	Frying	2.700	2.740
YzY_7jujh3t4_300.000_310.000.wav	Frying	3.800	3.920
YzY_7jujh3t4_300.000_310.000.wav	Frying	4.080	4.460
YzY_7jujh3t4_300.000_310.000.wav	Frying	4.520	4.580
YzY_7jujh3t4_300.000_310.000.wav	Frying	4.640	4.740
YzY_7jujh3t4_300.000_310.000.wav	Frying	5.480	5.560
YzY_7jujh3t4_300.000_310.000.wav	Frying	5.760	10.020
Yb4YHnRrkOTQ_470.000_480.000.wav	Dishes	0.900	0.960
Yb4YHnRrkOTQ_470.000_480.000.wav	Dishes	1.100	1.140
Yb4YHnRrkOTQ_470.000_480.000.wav	Dishes	1.260	10.020
Yb4YHnRrkOTQ_470.000_480.000.wav	Frying	9.440	9.620
Yb4YHnRrkOTQ_470.000_480.000.wav	Frying	9.780	9.840
Yb4YHnRrkOTQ_470.000_480.000.wav	Running_water	0.040	0.060
Yb4YHnRrkOTQ_470.000_480.000.wav	Running_water	0.120	0.140
Yb4YHnRrkOTQ_470.000_480.000.wav	Running_water	0.200	0.760
Yb4YHnRrkOTQ_470.000_480.000.wav	Running_water	0.780	0.940
Yb4YHnRrkOTQ_470.000_480.000.wav	Running_water	0.960	1.900
Yb4YHnRrkOTQ_470.000_480.000.wav	Running_water	1.920	2.180
Yb4YHnRrkOTQ_470.000_480.000.wav	Running_water	2.220	2.340
Y8vasA2D2_Kc_30.000_40.000.wav	Dog	0.100	9.200
Y8vasA2D2_Kc_30.000_40.000.wav	Dog	9.240	9.480
Y8vasA2D2_Kc_30.000_40.000.wav	Dog	10.000	10.020
Yk4ExqQTNklk_210.000_220.000.wav	Running_water	2.000	10.020
YoWNUJ268q0Y_43.000_53.000.wav	Speech	0.000	1.400
YoWNUJ268q0Y_43.000_53.000.wav	Speech	1.460	2.720
YoWNUJ268q0Y_43.000_53.000.wav	Speech	3.380	6.800
YoWNUJ268q0Y_43.000_53.000.wav	Speech	7.180	8.240
YoWNUJ268q0Y_43.000_53.000.wav	Speech	8.400	9.900
YoWNUJ268q0Y_43.000_53.000.wav	Speech	9.960	10.020
YoWNUJ268q0Y_43.000_53.000.wav	Dishes	6.760	7.360
YoWNUJ268q0Y_43.000_53.000.wav	Dishes	8.360	8.380
YPX9kGT0E7B0_30.000_40.000.wav	Speech	1.580	2.000
YPX9kGT0E7B0_30.000_40.000.wav	Dog	5.360	9.480
YPX9kGT0E7B0_30.000_40.000.wav	Alarm_bell_ringing	0.000	0.820
YNGgpSWcaV1U_63.000_73.000.wav	Speech	0.340	2.100
YNGgpSWcaV1U_63.000_73.000.wav	Speech	2.900	4.400
YNGgpSWcaV1U_63.000_73.000.wav	Speech	5.280	10.020
YNGgpSWcaV1U_63.000_73.000.wav	Dishes	2.760	2.840
YNGgpSWcaV1U_63.000_73.000.wav	Dishes	4.420	5.040
YCmC62Eg82E8_7.000_17.000.wav	Blender	6.880	7.320
YCmC62Eg82E8_7.000_17.000.wav	Blender	7.420	7.640
YCmC62Eg82E8_7.000_17.000.wav	Vacuum_cleaner	0.040	6.100
YCmC62Eg82E8_7.000_17.000.wav	Vacuum_cleaner	8.220	8.660
Y63Qy15I3QGE_30.000_40.000.wav	Cat	0.000	0.040
Y63Qy15I3QGE_30.000_40.000.wav	Cat	0.380	4.340
Y63Qy15I3QGE_30.000_40.000.wav	Cat	4.400	10.020
Y04ISXje8c_g_11.000_21.000.wav	Speech	0.000	1.860
Y04ISXje8c_g_11.000_21.000.wav	Speech	1.980	4.240
Y04ISXje8c_g_11.000_21.000.wav	Speech	4.640	8.520
Yx-t8155hXt4_80.000_90.000.wav	Speech	5.680	5.900
Yx-t8155hXt4_80.000_90.000.wav	Speech	7.840	9.020
Y7-COxzRtOEU_30.000_40.000.wav	Running_water	4.340	10.020
Y7LQOu6zQjfM_50.000_60.000.wav	Cat	4.500	5.060
Y7LQOu6zQjfM_50.000_60.000.wav	Cat	5.880	6.700
Y7LQOu6zQjfM_50.000_60.000.wav	Cat	6.800	7.920
YUbyMM3iddJA_0.000_10.000.wav	Speech	0.000	1.200
YUbyMM3iddJA_0.000_10.000.wav	Speech	4.440	4.780
YUbyMM3iddJA_0.000_10.000.wav	Speech	4.840	4.900
YUbyMM3iddJA_0.000_10.000.wav	Speech	5.060	5.120
Y4qaJW0mvsoY_30.000_40.000.wav	Speech	0.000	0.880
Y4qaJW0mvsoY_30.000_40.000.wav	Speech	9.360	9.620
Y4qaJW0mvsoY_30.000_40.000.wav	Alarm_bell_ringing	1.860	2.640
Y4qaJW0mvsoY_30.000_40.000.wav	Alarm_bell_ringing	2.700	3.260
Y4qaJW0mvsoY_30.000_40.000.wav	Alarm_bell_ringing	5.060	5.120
Y4qaJW0mvsoY_30.000_40.000.wav	Alarm_bell_ringing	6.020	6.140
YQejVyYvjrrs_10.000_20.000.wav	Speech	9.340	9.620
YQejVyYvjrrs_10.000_20.000.wav	Dog	5.060	9.340
YQejVyYvjrrs_10.000_20.000.wav	Dog	9.640	10.020
YQejVyYvjrrs_10.000_20.000.wav	Cat	0.260	1.180
YQejVyYvjrrs_10.000_20.000.wav	Alarm_bell_ringing	2.900	2.940
YQejVyYvjrrs_10.000_20.000.wav	Alarm_bell_ringing	3.020	3.060
Y7X4MOknsB80_0.000_10.000.wav	Vacuum_cleaner	3.580	9.960
YmzcLIsIS050_490.000_500.000.wav	Speech	1.940	6.860
YmzcLIsIS050_490.000_500.000.wav	Speech	6.980	7.020
YmzcLIsIS050_490.000_500.000.wav	Speech	7.320	8.060
YmzcLIsIS050_490.000_500.000.wav	Speech	8.140	9.700
YmzcLIsIS050_490.000_500.000.wav	Speech	9.840	9.900
YmzcLIsIS050_490.000_500.000.wav	Dishes	0.280	0.500
YmzcLIsIS050_490.000_500.000.wav	Dishes	0.800	2.000
YmzcLIsIS050_490.000_500.000.wav	Dishes	6.900	7.380
YmzcLIsIS050_490.000_500.000.wav	Frying	0.000	0.640
YmzcLIsIS050_490.000_500.000.wav	Frying	0.680	1.920
YmzcLIsIS050_490.000_500.000.wav	Frying	6.920	6.940
YmzcLIsIS050_490.000_500.000.wav	Frying	7.080	7.360
YTyGA005YFXg_143.000_153.000.wav	Speech	0.000	1.360
YTyGA005YFXg_143.000_153.000.wav	Speech	2.440	4.940
YTyGA005YFXg_143.000_153.000.wav	Speech	6.320	10.020
YTyGA005YFXg_143.000_153.000.wav	Dog	1.940	2.140
YTyGA005YFXg_143.000_153.000.wav	Dishes	5.160	6.420
YFLFlLKV_oek_130.000_140.000.wav	Dishes	0.160	0.180
YFLFlLKV_oek_130.000_140.000.wav	Dishes	0.220	1.820
YFLFlLKV_oek_130.000_140.000.wav	Dishes	2.140	2.180
YFLFlLKV_oek_130.000_140.000.wav	Dishes	2.900	4.700
YFLFlLKV_oek_130.000_140.000.wav	Dishes	4.900	4.940
YFLFlLKV_oek_130.000_140.000.wav	Dishes	5.200	5.260
YFLFlLKV_oek_130.000_140.000.wav	Dishes	5.360	5.760
YFLFlLKV_oek_130.000_140.000.wav	Dishes	7.880	10.020
YFLFlLKV_oek_130.000_140.000.wav	Frying	0.080	1.040
YFLFlLKV_oek_130.000_140.000.wav	Frying	1.180	1.220
YFLFlLKV_oek_130.000_140.000.wav	Frying	3.020	3.640
YFLFlLKV_oek_130.000_140.000.wav	Frying	3.700	3.940
YFLFlLKV_oek_130.000_140.000.wav	Frying	4.060	4.080
YFLFlLKV_oek_130.000_140.000.wav	Frying	4.420	4.440
YFLFlLKV_oek_130.000_140.000.wav	Frying	5.360	5.720
YFLFlLKV_oek_130.000_140.000.wav	Frying	5.780	5.800
YFLFlLKV_oek_130.000_140.000.wav	Frying	7.320	7.400
YFLFlLKV_oek_130.000_140.000.wav	Frying	8.080	8.300
YFLFlLKV_oek_130.000_140.000.wav	Frying	8.440	9.960
YFLFlLKV_oek_130.000_140.000.wav	Running_water	5.120	5.140
YFLFlLKV_oek_130.000_140.000.wav	Running_water	5.200	5.340
YFLFlLKV_oek_130.000_140.000.wav	Running_water	5.720	5.760
YFLFlLKV_oek_130.000_140.000.wav	Running_water	5.820	6.500
YFLFlLKV_oek_130.000_140.000.wav	Running_water	6.560	6.660
YFLFlLKV_oek_130.000_140.000.wav	Running_water	6.700	6.740
Y-kWlE2dkoxc_170.000_180.000.wav	Vacuum_cleaner	0.020	9.940
YP-QOd_28o9c_30.000_40.000.wav	Speech	0.900	6.120
YP-QOd_28o9c_30.000_40.000.wav	Speech	8.020	8.820
YP-QOd_28o9c_30.000_40.000.wav	Speech	9.220	10.020
YP-QOd_28o9c_30.000_40.000.wav	Alarm_bell_ringing	0.000	0.900
YP-QOd_28o9c_30.000_40.000.wav	Alarm_bell_ringing	6.160	8.000
YsUgI8M_Ln2g_320.000_330.000.wav	Running_water	0.020	10.020
YU0eCWcPP798_0.000_8.000.wav	Alarm_bell_ringing	0.000	0.020
YU0eCWcPP798_0.000_8.000.wav	Alarm_bell_ringing	0.100	7.220
Y8ws1ligErwo_0.000_10.000.wav	Speech	4.120	4.280
Y8ws1ligErwo_0.000_10.000.wav	Speech	4.380	4.460
Y8ws1ligErwo_0.000_10.000.wav	Dog	6.680	6.880
Y8ws1ligErwo_0.000_10.000.wav	Cat	7.700	8.540
Y8ws1ligErwo_0.000_10.000.wav	Cat	8.660	8.860
Yh6B3KRPKI0c_80.000_90.000.wav	Dog	5.340	5.440
Yh6B3KRPKI0c_80.000_90.000.wav	Dog	5.560	5.660
Yh6B3KRPKI0c_80.000_90.000.wav	Dog	6.040	6.500
Yh6B3KRPKI0c_80.000_90.000.wav	Dog	6.600	6.940
Y-36qTeAdDMI_130.000_140.000.wav	Speech	0.000	3.120
Y-36qTeAdDMI_130.000_140.000.wav	Speech	3.220	3.440
Y-36qTeAdDMI_130.000_140.000.wav	Speech	4.460	4.620
Y-36qTeAdDMI_130.000_140.000.wav	Speech	5.120	5.200
Y-36qTeAdDMI_130.000_140.000.wav	Speech	5.340	5.440
Y-36qTeAdDMI_130.000_140.000.wav	Alarm_bell_ringing	3.440	3.680
Y-36qTeAdDMI_130.000_140.000.wav	Alarm_bell_ringing	8.020	8.120
Y-36qTeAdDMI_130.000_140.000.wav	Alarm_bell_ringing	8.140	8.320
Y-36qTeAdDMI_130.000_140.000.wav	Alarm_bell_ringing	8.360	8.520
Y-36qTeAdDMI_130.000_140.000.wav	Alarm_bell_ringing	8.540	9.960
Ylf_LWKZfNQI_300.000_310.000.wav	Blender	0.040	2.980
YJ46ePPdaEZk_10.000_20.000.wav	Speech	0.000	0.520
YJ46ePPdaEZk_10.000_20.000.wav	Speech	1.000	1.120
YJ46ePPdaEZk_10.000_20.000.wav	Speech	1.160	1.540
YJ46ePPdaEZk_10.000_20.000.wav	Speech	2.540	2.780
YJ46ePPdaEZk_10.000_20.000.wav	Speech	2.840	3.000
YJ46ePPdaEZk_10.000_20.000.wav	Speech	7.600	7.660
YJ46ePPdaEZk_10.000_20.000.wav	Speech	9.300	9.720
YJ46ePPdaEZk_10.000_20.000.wav	Blender	0.860	0.920
YJ46ePPdaEZk_10.000_20.000.wav	Blender	1.500	2.580
YJ46ePPdaEZk_10.000_20.000.wav	Blender	2.700	8.800
YJ46ePPdaEZk_10.000_20.000.wav	Blender	8.880	8.980
YJ46ePPdaEZk_10.000_20.000.wav	Blender	9.080	9.260
Yc1_V2y_9KCM_369.000_379.000.wav	Speech	1.240	2.360
Yc1_V2y_9KCM_369.000_379.000.wav	Speech	5.540	8.240
Yc1_V2y_9KCM_369.000_379.000.wav	Running_water	0.000	0.720
Yc1_V2y_9KCM_369.000_379.000.wav	Running_water	2.380	3.720
YWOOmuXh_lXA_290.000_300.000.wav	Speech	0.000	0.760
YWOOmuXh_lXA_290.000_300.000.wav	Speech	2.620	3.560
YWOOmuXh_lXA_290.000_300.000.wav	Speech	4.020	5.700
YWOOmuXh_lXA_290.000_300.000.wav	Speech	6.580	8.120
YWOOmuXh_lXA_290.000_300.000.wav	Frying	0.780	2.660
YWOOmuXh_lXA_290.000_300.000.wav	Frying	2.720	2.780
YWOOmuXh_lXA_290.000_300.000.wav	Frying	3.560	4.060
YWOOmuXh_lXA_290.000_300.000.wav	Frying	4.660	4.700
YWOOmuXh_lXA_290.000_300.000.wav	Frying	5.720	6.600
YWOOmuXh_lXA_290.000_300.000.wav	Frying	8.160	10.020
Ye4ZVQ74R5s4_30.000_40.000.wav	Speech	0.000	2.280
Ye4ZVQ74R5s4_30.000_40.000.wav	Speech	4.060	5.860
Ye4ZVQ74R5s4_30.000_40.000.wav	Speech	6.280	8.000
Ye4ZVQ74R5s4_30.000_40.000.wav	Speech	8.060	8.740
Ye4ZVQ74R5s4_30.000_40.000.wav	Speech	8.940	9.100
Ye4ZVQ74R5s4_30.000_40.000.wav	Speech	9.400	9.520
Ye4ZVQ74R5s4_30.000_40.000.wav	Speech	9.640	9.880
Ye4ZVQ74R5s4_30.000_40.000.wav	Dishes	5.920	6.300
Ye4ZVQ74R5s4_30.000_40.000.wav	Frying	3.320	4.080
Ye4ZVQ74R5s4_30.000_40.000.wav	Frying	5.660	5.740
Ye4ZVQ74R5s4_30.000_40.000.wav	Frying	5.840	6.360
Ye4ZVQ74R5s4_30.000_40.000.wav	Frying	8.020	8.080
Ye4ZVQ74R5s4_30.000_40.000.wav	Frying	8.220	8.240
Ye4ZVQ74R5s4_30.000_40.000.wav	Frying	8.780	8.940
Ye4ZVQ74R5s4_30.000_40.000.wav	Frying	9.120	9.380
YE6QQRZHrx6s_30.000_40.000.wav	Dog	0.220	0.320
YE6QQRZHrx6s_30.000_40.000.wav	Dog	0.840	0.980
YE6QQRZHrx6s_30.000_40.000.wav	Dog	1.340	2.440
YE6QQRZHrx6s_30.000_40.000.wav	Dog	2.680	10.020
Y-jaY3LS3Dv0_30.000_40.000.wav	Speech	0.200	0.260
Y-jaY3LS3Dv0_30.000_40.000.wav	Speech	7.880	9.400
Y-jaY3LS3Dv0_30.000_40.000.wav	Cat	3.880	4.220
Y8KCzQ2KaSyE_520.000_530.000.wav	Blender	0.000	7.480
Y5rSpIXAOjgk_50.000_60.000.wav	Speech	0.000	0.380
Y5rSpIXAOjgk_50.000_60.000.wav	Speech	4.960	5.140
Y5rSpIXAOjgk_50.000_60.000.wav	Speech	6.540	6.640
Y5rSpIXAOjgk_50.000_60.000.wav	Speech	7.200	7.280
Y5rSpIXAOjgk_50.000_60.000.wav	Dog	2.180	2.780
Y5rSpIXAOjgk_50.000_60.000.wav	Dog	2.860	3.580
Y5rSpIXAOjgk_50.000_60.000.wav	Running_water	7.360	7.420
Y5rSpIXAOjgk_50.000_60.000.wav	Running_water	7.580	7.600
Y5rSpIXAOjgk_50.000_60.000.wav	Running_water	8.160	8.340
Y9q8N_KgH8SI_250.000_260.000.wav	Speech	1.080	2.400
Y9q8N_KgH8SI_250.000_260.000.wav	Speech	4.620	6.000
Y9q8N_KgH8SI_250.000_260.000.wav	Speech	6.300	8.520
Y9q8N_KgH8SI_250.000_260.000.wav	Speech	8.760	10.020
Y9q8N_KgH8SI_250.000_260.000.wav	Dishes	2.440	4.740
Y9q8N_KgH8SI_250.000_260.000.wav	Dishes	8.560	8.820
Y9q8N_KgH8SI_250.000_260.000.wav	Frying	3.220	4.560
Y9q8N_KgH8SI_250.000_260.000.wav	Frying	8.660	8.760
Y5siTUcPFy74_210.000_220.000.wav	Frying	0.520	2.160
Y5siTUcPFy74_210.000_220.000.wav	Frying	2.640	10.020
YX-eWpQTv0Yc_210.000_220.000.wav	Speech	0.980	2.020
YX-eWpQTv0Yc_210.000_220.000.wav	Speech	2.140	2.220
YX-eWpQTv0Yc_210.000_220.000.wav	Speech	2.580	2.880
YX-eWpQTv0Yc_210.000_220.000.wav	Speech	3.420	3.800
YX-eWpQTv0Yc_210.000_220.000.wav	Speech	3.940	4.080
YX-eWpQTv0Yc_210.000_220.000.wav	Speech	4.900	10.020
YX-eWpQTv0Yc_210.000_220.000.wav	Dishes	3.040	3.060
YX-eWpQTv0Yc_210.000_220.000.wav	Dishes	3.140	3.480
YX-eWpQTv0Yc_210.000_220.000.wav	Dishes	3.840	3.900
YX-eWpQTv0Yc_210.000_220.000.wav	Dishes	4.020	5.060
YX-eWpQTv0Yc_210.000_220.000.wav	Dishes	5.300	5.400
YH7B8mdI38Eg_240.000_250.000.wav	Dishes	1.000	8.800
YU0Cg_t_3TdI_30.000_40.000.wav	Dog	9.160	9.240
YU0Cg_t_3TdI_30.000_40.000.wav	Dog	9.480	9.540
YU0Cg_t_3TdI_30.000_40.000.wav	Dog	9.680	9.740
YU0Cg_t_3TdI_30.000_40.000.wav	Dishes	1.200	1.280
YU0Cg_t_3TdI_30.000_40.000.wav	Dishes	1.320	1.340
YU0Cg_t_3TdI_30.000_40.000.wav	Dishes	1.640	4.260
Y86e-ONda0GU_170.000_180.000.wav	Speech	8.260	9.980
Y86e-ONda0GU_170.000_180.000.wav	Dog	1.300	1.340
Y86e-ONda0GU_170.000_180.000.wav	Dog	1.420	8.680
YUWizNEHrzCY_17.000_27.000.wav	Dog	0.220	8.440
YUWizNEHrzCY_17.000_27.000.wav	Dog	8.680	8.780
YAJVSqnsBf70_80.000_90.000.wav	Dishes	2.860	10.020
Y2tXE7snh6Ak_30.000_40.000.wav	Speech	0.300	0.460
Y2tXE7snh6Ak_30.000_40.000.wav	Speech	0.560	2.260
Y2tXE7snh6Ak_30.000_40.000.wav	Speech	3.760	3.800
Y2tXE7snh6Ak_30.000_40.000.wav	Speech	4.460	6.000
Y2tXE7snh6Ak_30.000_40.000.wav	Speech	6.440	8.080
Y2tXE7snh6Ak_30.000_40.000.wav	Speech	8.120	8.240
Y2tXE7snh6Ak_30.000_40.000.wav	Speech	8.320	8.760
Y2tXE7snh6Ak_30.000_40.000.wav	Speech	9.220	9.240
Y2tXE7snh6Ak_30.000_40.000.wav	Speech	9.340	10.020
Y2tXE7snh6Ak_30.000_40.000.wav	Running_water	2.700	2.740
Y2tXE7snh6Ak_30.000_40.000.wav	Running_water	3.560	3.740
Y2tXE7snh6Ak_30.000_40.000.wav	Running_water	3.840	4.020
YNcdv7wCGgYE_30.000_40.000.wav	Blender	0.320	0.600
YN6e5C5sXdBI_0.000_10.000.wav	Dog	0.080	9.100
YxwQh1sOc1YE_10.000_20.000.wav	Running_water	0.020	10.020
YyU50qUMbobE_180.000_190.000.wav	Speech	0.000	0.180
YyU50qUMbobE_180.000_190.000.wav	Speech	0.540	2.600
YyU50qUMbobE_180.000_190.000.wav	Blender	3.980	5.680
YyU50qUMbobE_180.000_190.000.wav	Blender	5.700	5.780
YyU50qUMbobE_180.000_190.000.wav	Blender	5.860	5.900
YyU50qUMbobE_180.000_190.000.wav	Blender	6.020	6.100
YyU50qUMbobE_180.000_190.000.wav	Blender	6.140	6.420
YyU50qUMbobE_180.000_190.000.wav	Vacuum_cleaner	7.040	7.120
YyU50qUMbobE_180.000_190.000.wav	Vacuum_cleaner	7.740	7.760
YyU50qUMbobE_180.000_190.000.wav	Vacuum_cleaner	8.140	8.220
Y_WQV7YjYrX0_470.000_480.000.wav	Speech	8.540	10.020
Y_WQV7YjYrX0_470.000_480.000.wav	Vacuum_cleaner	2.140	2.180
Y_WQV7YjYrX0_470.000_480.000.wav	Vacuum_cleaner	2.840	2.940
Y_WQV7YjYrX0_470.000_480.000.wav	Vacuum_cleaner	3.120	3.280
Y_WQV7YjYrX0_470.000_480.000.wav	Vacuum_cleaner	4.360	4.460
Y_WQV7YjYrX0_470.000_480.000.wav	Electric_shaver_toothbrush	0.060	0.620
Y_WQV7YjYrX0_470.000_480.000.wav	Electric_shaver_toothbrush	0.680	2.140
Y_WQV7YjYrX0_470.000_480.000.wav	Electric_shaver_toothbrush	2.240	2.840
Y_WQV7YjYrX0_470.000_480.000.wav	Electric_shaver_toothbrush	2.920	3.580
Y_WQV7YjYrX0_470.000_480.000.wav	Electric_shaver_toothbrush	3.780	4.920
Y_WQV7YjYrX0_470.000_480.000.wav	Electric_shaver_toothbrush	4.960	7.440
Y_WQV7YjYrX0_470.000_480.000.wav	Electric_shaver_toothbrush	7.700	8.560
YOA6RBTfBP-M_0.000_10.000.wav	Dog	0.760	10.020
Y5b_wMMwPlbY_110.000_120.000.wav	Speech	0.420	4.920
Y5b_wMMwPlbY_110.000_120.000.wav	Dishes	5.100	10.020
YWvRyg95cUIQ_150.000_160.000.wav	Speech	8.400	9.620
YWvRyg95cUIQ_150.000_160.000.wav	Electric_shaver_toothbrush	0.040	6.380
YPTUxCvCz8Bc_170.000_180.000.wav	Speech	0.000	0.320
YPTUxCvCz8Bc_170.000_180.000.wav	Speech	0.600	4.380
YPTUxCvCz8Bc_170.000_180.000.wav	Speech	4.720	5.180
YPTUxCvCz8Bc_170.000_180.000.wav	Speech	5.760	6.380
YPTUxCvCz8Bc_170.000_180.000.wav	Speech	6.800	7.200
YPTUxCvCz8Bc_170.000_180.000.wav	Speech	7.540	7.980
YPTUxCvCz8Bc_170.000_180.000.wav	Speech	8.180	8.680
YPTUxCvCz8Bc_170.000_180.000.wav	Speech	9.680	10.020
YPTUxCvCz8Bc_170.000_180.000.wav	Dishes	5.480	5.640
YPTUxCvCz8Bc_170.000_180.000.wav	Dishes	5.680	5.820
YPTUxCvCz8Bc_170.000_180.000.wav	Dishes	6.500	6.840
YPTUxCvCz8Bc_170.000_180.000.wav	Dishes	7.300	7.580
YPTUxCvCz8Bc_170.000_180.000.wav	Dishes	7.980	8.480
YPTUxCvCz8Bc_170.000_180.000.wav	Dishes	8.560	9.800
YPTUxCvCz8Bc_170.000_180.000.wav	Frying	0.380	0.660
YPTUxCvCz8Bc_170.000_180.000.wav	Frying	4.400	4.760
YPTUxCvCz8Bc_170.000_180.000.wav	Frying	5.220	5.800
YPTUxCvCz8Bc_170.000_180.000.wav	Frying	6.400	6.860
YPTUxCvCz8Bc_170.000_180.000.wav	Frying	7.220	7.600
YPTUxCvCz8Bc_170.000_180.000.wav	Frying	8.020	8.200
YPTUxCvCz8Bc_170.000_180.000.wav	Frying	8.640	9.760
YOHT925Zi2bE_110.000_120.000.wav	Blender	0.060	5.560
YOHT925Zi2bE_110.000_120.000.wav	Blender	5.620	9.860
YOHT925Zi2bE_110.000_120.000.wav	Vacuum_cleaner	3.920	3.980
YOHT925Zi2bE_110.000_120.000.wav	Vacuum_cleaner	4.040	4.060
YOHT925Zi2bE_110.000_120.000.wav	Vacuum_cleaner	4.460	4.540
YOHT925Zi2bE_110.000_120.000.wav	Vacuum_cleaner	4.600	4.960
YOHT925Zi2bE_110.000_120.000.wav	Vacuum_cleaner	4.980	5.040
YOHT925Zi2bE_110.000_120.000.wav	Vacuum_cleaner	5.140	5.220
YOHT925Zi2bE_110.000_120.000.wav	Vacuum_cleaner	5.280	5.420
YOHT925Zi2bE_110.000_120.000.wav	Vacuum_cleaner	5.480	6.140
YOHT925Zi2bE_110.000_120.000.wav	Vacuum_cleaner	6.200	6.300
YOHT925Zi2bE_110.000_120.000.wav	Vacuum_cleaner	6.880	6.920
Y3AzacBprTzU_60.000_70.000.wav	Dog	0.040	10.020
YsAGJCkak8V0_60.000_70.000.wav	Dishes	1.200	10.020
Y7qempAwNceA_150.000_160.000.wav	Speech	8.880	8.960
Y7qempAwNceA_150.000_160.000.wav	Blender	0.020	0.640
YUteKBWdkIIQ_330.000_340.000.wav	Speech	3.140	7.000
YUteKBWdkIIQ_330.000_340.000.wav	Dishes	7.620	9.280
YUteKBWdkIIQ_330.000_340.000.wav	Dishes	9.480	10.020
YUteKBWdkIIQ_330.000_340.000.wav	Blender	0.180	2.780
YUteKBWdkIIQ_330.000_340.000.wav	Blender	2.820	2.960
YLKCyqioKymc_30.000_40.000.wav	Alarm_bell_ringing	6.440	7.780
Yd_k3fsJrW4U_210.000_220.000.wav	Speech	0.580	0.800
Yd_k3fsJrW4U_210.000_220.000.wav	Speech	0.900	1.120
Yd_k3fsJrW4U_210.000_220.000.wav	Speech	1.180	1.300
Yd_k3fsJrW4U_210.000_220.000.wav	Speech	1.440	1.560
Yd_k3fsJrW4U_210.000_220.000.wav	Speech	2.780	3.120
Yd_k3fsJrW4U_210.000_220.000.wav	Speech	3.240	3.300
Yd_k3fsJrW4U_210.000_220.000.wav	Speech	3.560	3.900
Yd_k3fsJrW4U_210.000_220.000.wav	Speech	4.700	7.020
Yd_k3fsJrW4U_210.000_220.000.wav	Speech	7.060	7.240
Yd_k3fsJrW4U_210.000_220.000.wav	Speech	7.360	7.560
Yd_k3fsJrW4U_210.000_220.000.wav	Speech	8.520	9.200
Yd_k3fsJrW4U_210.000_220.000.wav	Speech	9.280	9.480
Yd_k3fsJrW4U_210.000_220.000.wav	Electric_shaver_toothbrush	0.000	0.720
Yd_k3fsJrW4U_210.000_220.000.wav	Electric_shaver_toothbrush	0.780	2.960
Yd_k3fsJrW4U_210.000_220.000.wav	Electric_shaver_toothbrush	3.080	4.800
Yd_k3fsJrW4U_210.000_220.000.wav	Electric_shaver_toothbrush	6.140	6.240
Yd_k3fsJrW4U_210.000_220.000.wav	Electric_shaver_toothbrush	6.440	6.540
Yd_k3fsJrW4U_210.000_220.000.wav	Electric_shaver_toothbrush	6.720	8.580
Yd_k3fsJrW4U_210.000_220.000.wav	Electric_shaver_toothbrush	9.180	9.380
Yd_k3fsJrW4U_210.000_220.000.wav	Electric_shaver_toothbrush	9.480	9.960
Yv-J-jzNonoY_40.000_50.000.wav	Cat	0.000	10.020
YCQGQV-JxPoI_30.000_40.000.wav	Speech	7.320	8.120
YCQGQV-JxPoI_30.000_40.000.wav	Speech	8.160	8.240
YCQGQV-JxPoI_30.000_40.000.wav	Dog	0.360	1.020
YCQGQV-JxPoI_30.000_40.000.wav	Cat	3.620	4.180
YCQGQV-JxPoI_30.000_40.000.wav	Cat	5.000	5.040
YCQGQV-JxPoI_30.000_40.000.wav	Alarm_bell_ringing	9.640	9.840
YOuxjt5e8x-o_50.000_60.000.wav	Speech	0.000	0.440
YOuxjt5e8x-o_50.000_60.000.wav	Speech	0.700	0.740
YOuxjt5e8x-o_50.000_60.000.wav	Speech	3.640	6.880
YOuxjt5e8x-o_50.000_60.000.wav	Dishes	6.900	9.540
YOuxjt5e8x-o_50.000_60.000.wav	Dishes	9.640	9.660
YwK3BpK1-Apw_30.000_40.000.wav	Speech	2.820	3.120
YwK3BpK1-Apw_30.000_40.000.wav	Speech	3.400	3.540
YwK3BpK1-Apw_30.000_40.000.wav	Speech	5.480	6.560
YwK3BpK1-Apw_30.000_40.000.wav	Electric_shaver_toothbrush	0.120	0.300
YwK3BpK1-Apw_30.000_40.000.wav	Electric_shaver_toothbrush	0.660	1.020
YwK3BpK1-Apw_30.000_40.000.wav	Electric_shaver_toothbrush	1.280	1.300
YwK3BpK1-Apw_30.000_40.000.wav	Electric_shaver_toothbrush	1.320	1.400
Yt-CiLzdNecs_1.000_11.000.wav	Alarm_bell_ringing	0.000	9.840
YLMBKhB8SuAg_0.000_10.000.wav	Blender	5.320	5.400
YLMBKhB8SuAg_0.000_10.000.wav	Blender	5.420	5.460
YLMBKhB8SuAg_0.000_10.000.wav	Blender	5.760	5.780
Y0s6Vt4i3iiQ_40.000_50.000.wav	Speech	4.680	4.720
Y0s6Vt4i3iiQ_40.000_50.000.wav	Speech	4.940	5.380
YRDnrb0xSkrs_70.000_80.000.wav	Speech	7.080	9.520
YRDnrb0xSkrs_70.000_80.000.wav	Frying	6.800	6.840
YEhmWEYp0vno_190.000_200.000.wav	Dog	4.320	4.660
YLHY9L1MjQvQ_30.000_40.000.wav	Speech	0.000	6.360
YLHY9L1MjQvQ_30.000_40.000.wav	Speech	9.280	9.940
Y0QTme5iyg4A_160.000_170.000.wav	Speech	1.180	3.740
Y0QTme5iyg4A_160.000_170.000.wav	Speech	5.360	6.220
Y0QTme5iyg4A_160.000_170.000.wav	Speech	6.680	7.340
Y0QTme5iyg4A_160.000_170.000.wav	Speech	7.440	8.080
Y0QTme5iyg4A_160.000_170.000.wav	Speech	8.100	10.020
Y0QTme5iyg4A_160.000_170.000.wav	Dog	0.280	0.800
Y0QTme5iyg4A_160.000_170.000.wav	Dishes	4.160	4.240
Y0QTme5iyg4A_160.000_170.000.wav	Dishes	4.300	5.360
Y0QTme5iyg4A_160.000_170.000.wav	Blender	6.280	6.600
Y2nQzeKH07LQ_40.000_50.000.wav	Speech	7.860	7.900
Y2nQzeKH07LQ_40.000_50.000.wav	Speech	8.060	8.400
Y2nQzeKH07LQ_40.000_50.000.wav	Speech	8.480	8.600
Y2nQzeKH07LQ_40.000_50.000.wav	Speech	8.920	9.460
Y2nQzeKH07LQ_40.000_50.000.wav	Dog	0.460	7.440
YsnOVG0lAgkQ_470.000_480.000.wav	Dog	8.060	8.100
YsnOVG0lAgkQ_470.000_480.000.wav	Dog	8.140	8.780
YsnOVG0lAgkQ_470.000_480.000.wav	Dog	8.960	9.060
YsnOVG0lAgkQ_470.000_480.000.wav	Dog	9.140	9.280
YsnOVG0lAgkQ_470.000_480.000.wav	Dishes	2.280	9.840
YsnOVG0lAgkQ_470.000_480.000.wav	Running_water	0.060	0.500
Yf_uADyhDDpE_40.000_50.000.wav	Speech	0.040	3.980
Yf_uADyhDDpE_40.000_50.000.wav	Speech	5.220	7.100
Yf_uADyhDDpE_40.000_50.000.wav	Speech	7.240	10.020
Yiwlg338ja-k_360.000_370.000.wav	Speech	0.000	1.740
Yiwlg338ja-k_360.000_370.000.wav	Speech	1.800	1.820
Yiwlg338ja-k_360.000_370.000.wav	Speech	9.180	9.600
Yiwlg338ja-k_360.000_370.000.wav	Speech	9.840	10.000
Yiwlg338ja-k_360.000_370.000.wav	Dog	6.780	9.300
Yiwlg338ja-k_360.000_370.000.wav	Dog	9.360	10.020
Y097K1uMIPyQ_30.000_40.000.wav	Speech	0.000	1.200
Y097K1uMIPyQ_30.000_40.000.wav	Speech	7.140	7.600
Y097K1uMIPyQ_30.000_40.000.wav	Speech	8.400	8.560
Y097K1uMIPyQ_30.000_40.000.wav	Speech	8.760	8.820
Y097K1uMIPyQ_30.000_40.000.wav	Dog	2.100	7.280
Y097K1uMIPyQ_30.000_40.000.wav	Dog	8.000	8.060
Y097K1uMIPyQ_30.000_40.000.wav	Dog	8.160	8.240
Y097K1uMIPyQ_30.000_40.000.wav	Dog	9.000	10.020
YL3ZtE3rD2nc_50.000_60.000.wav	Running_water	0.040	0.140
YL3ZtE3rD2nc_50.000_60.000.wav	Electric_shaver_toothbrush	0.320	0.420
YL3ZtE3rD2nc_50.000_60.000.wav	Electric_shaver_toothbrush	0.940	1.000
Y-jDJ7EqnT2s_170.000_180.000.wav	Speech	2.120	2.640
Y-jDJ7EqnT2s_170.000_180.000.wav	Speech	3.200	4.980
Y-jDJ7EqnT2s_170.000_180.000.wav	Speech	7.140	7.380
Y-jDJ7EqnT2s_170.000_180.000.wav	Speech	7.600	7.900
Y-jDJ7EqnT2s_170.000_180.000.wav	Dishes	5.200	5.880
Y-jDJ7EqnT2s_170.000_180.000.wav	Dishes	7.940	9.380
Y-jDJ7EqnT2s_170.000_180.000.wav	Dishes	9.400	9.420
Y-jDJ7EqnT2s_170.000_180.000.wav	Running_water	0.180	0.580
YMUJmWnjGEBk_0.000_10.000.wav	Speech	3.600	9.260
YMUJmWnjGEBk_0.000_10.000.wav	Speech	9.800	10.020
YMUJmWnjGEBk_0.000_10.000.wav	Alarm_bell_ringing	0.400	0.420
YMUJmWnjGEBk_0.000_10.000.wav	Alarm_bell_ringing	0.640	2.820
YuUcUU6NpDUw_30.000_40.000.wav	Speech	0.000	0.300
YuUcUU6NpDUw_30.000_40.000.wav	Speech	2.740	2.880
YuUcUU6NpDUw_30.000_40.000.wav	Speech	2.920	3.140
YuUcUU6NpDUw_30.000_40.000.wav	Speech	3.240	3.380
YuUcUU6NpDUw_30.000_40.000.wav	Speech	5.780	6.220
YuUcUU6NpDUw_30.000_40.000.wav	Speech	6.260	6.320
YuUcUU6NpDUw_30.000_40.000.wav	Speech	6.440	6.960
YuUcUU6NpDUw_30.000_40.000.wav	Speech	7.060	7.280
YuUcUU6NpDUw_30.000_40.000.wav	Speech	7.400	7.520
YuUcUU6NpDUw_30.000_40.000.wav	Speech	7.580	8.460
YuUcUU6NpDUw_30.000_40.000.wav	Blender	0.420	2.760
YuUcUU6NpDUw_30.000_40.000.wav	Blender	3.160	3.240
YuUcUU6NpDUw_30.000_40.000.wav	Blender	3.320	4.140
YuUcUU6NpDUw_30.000_40.000.wav	Blender	4.200	4.240
YuUcUU6NpDUw_30.000_40.000.wav	Blender	4.320	4.400
YuUcUU6NpDUw_30.000_40.000.wav	Blender	4.860	4.900
YuUcUU6NpDUw_30.000_40.000.wav	Blender	5.420	5.660
Y04ChQ0fqzxQ_120.000_130.000.wav	Speech	0.220	7.360
Y04ChQ0fqzxQ_120.000_130.000.wav	Speech	7.560	8.740
Y04ChQ0fqzxQ_120.000_130.000.wav	Dishes	7.260	7.820
Y04ChQ0fqzxQ_120.000_130.000.wav	Dishes	8.540	8.560
Y04ChQ0fqzxQ_120.000_130.000.wav	Dishes	8.600	10.020
Yb5CyS0QqX3o_70.000_80.000.wav	Speech	1.620	1.980
Yb5CyS0QqX3o_70.000_80.000.wav	Speech	2.140	5.500
Yb5CyS0QqX3o_70.000_80.000.wav	Speech	5.720	8.380
Yb5CyS0QqX3o_70.000_80.000.wav	Speech	8.580	9.740
Yb5CyS0QqX3o_70.000_80.000.wav	Alarm_bell_ringing	0.280	1.600
YCjp2PlXGbf0_30.000_40.000.wav	Electric_shaver_toothbrush	0.000	7.600
YCjp2PlXGbf0_30.000_40.000.wav	Electric_shaver_toothbrush	7.640	7.700
YCjp2PlXGbf0_30.000_40.000.wav	Electric_shaver_toothbrush	7.980	8.060
YCjp2PlXGbf0_30.000_40.000.wav	Electric_shaver_toothbrush	8.300	9.300
Y68PoupXLTzw_60.000_70.000.wav	Dog	6.180	6.620
Y68PoupXLTzw_60.000_70.000.wav	Dog	7.280	7.560
YuQf7nY1wTdI_180.000_190.000.wav	Speech	0.000	2.940
YuQf7nY1wTdI_180.000_190.000.wav	Speech	6.520	8.000
YuQf7nY1wTdI_180.000_190.000.wav	Speech	8.760	10.020
YuQf7nY1wTdI_180.000_190.000.wav	Electric_shaver_toothbrush	2.900	6.280
Y-TxhuS0jsI4_70.000_80.000.wav	Dog	5.780	6.320
Y-TxhuS0jsI4_70.000_80.000.wav	Dog	6.740	6.820
Y-TxhuS0jsI4_70.000_80.000.wav	Dog	7.640	9.600
Y-TxhuS0jsI4_70.000_80.000.wav	Dog	9.620	9.740
Y-TxhuS0jsI4_70.000_80.000.wav	Cat	0.000	0.020
Y-TxhuS0jsI4_70.000_80.000.wav	Cat	0.080	5.920
Y-TxhuS0jsI4_70.000_80.000.wav	Cat	6.900	7.780
YOCIQYk1eMHU_120.000_130.000.wav	Alarm_bell_ringing	0.000	5.240
YJ_AaZl54Bro_10.000_20.000.wav	Vacuum_cleaner	0.040	9.960
YXO1wG3ne_Cw_30.000_40.000.wav	Dog	6.000	10.020
Yl2RKDnvKjPc_150.000_160.000.wav	Speech	0.000	0.560
Yl2RKDnvKjPc_150.000_160.000.wav	Speech	0.920	1.620
Yl2RKDnvKjPc_150.000_160.000.wav	Speech	1.680	2.480
Yl2RKDnvKjPc_150.000_160.000.wav	Speech	2.520	2.580
Yl2RKDnvKjPc_150.000_160.000.wav	Frying	0.600	0.920
Yl2RKDnvKjPc_150.000_160.000.wav	Frying	1.660	1.680
Yl2RKDnvKjPc_150.000_160.000.wav	Frying	2.660	9.960
Y27jlpi7rq28_280.000_290.000.wav	Speech	0.000	0.560
Y27jlpi7rq28_280.000_290.000.wav	Speech	3.500	4.780
Y27jlpi7rq28_280.000_290.000.wav	Speech	5.620	6.280
Y27jlpi7rq28_280.000_290.000.wav	Speech	6.680	7.860
Y27jlpi7rq28_280.000_290.000.wav	Speech	8.920	10.020
Y27jlpi7rq28_280.000_290.000.wav	Dishes	0.820	3.580
Y27jlpi7rq28_280.000_290.000.wav	Dishes	5.040	5.620
Y27jlpi7rq28_280.000_290.000.wav	Dishes	6.320	6.780
Y27jlpi7rq28_280.000_290.000.wav	Dishes	7.560	7.700
Y27jlpi7rq28_280.000_290.000.wav	Dishes	7.820	9.020
Y27jlpi7rq28_280.000_290.000.wav	Frying	0.580	3.560
Y27jlpi7rq28_280.000_290.000.wav	Frying	4.760	5.660
Y27jlpi7rq28_280.000_290.000.wav	Frying	6.260	6.780
Y27jlpi7rq28_280.000_290.000.wav	Frying	7.560	7.700
Y27jlpi7rq28_280.000_290.000.wav	Frying	7.840	9.000
Y5UUgV7-Bg3c_30.000_40.000.wav	Speech	4.740	5.160
Y5UUgV7-Bg3c_30.000_40.000.wav	Dog	4.400	4.840
Y5UUgV7-Bg3c_30.000_40.000.wav	Dog	6.060	6.120
Y5UUgV7-Bg3c_30.000_40.000.wav	Dog	6.420	9.520
Y2y7aiiaJPf8_240.000_250.000.wav	Dog	0.500	10.020
YSSJlSadbMoE_30.000_40.000.wav	Alarm_bell_ringing	0.000	7.500
YSSJlSadbMoE_30.000_40.000.wav	Alarm_bell_ringing	7.980	8.940
YSSJlSadbMoE_30.000_40.000.wav	Alarm_bell_ringing	9.020	9.040
YSSJlSadbMoE_30.000_40.000.wav	Alarm_bell_ringing	9.080	10.020
YdulZ4FPi7gg_170.000_180.000.wav	Speech	5.140	6.120
YdulZ4FPi7gg_170.000_180.000.wav	Speech	6.220	9.840
YdulZ4FPi7gg_170.000_180.000.wav	Running_water	0.360	3.640
YFR9qGkCa78M_140.000_150.000.wav	Speech	4.820	4.920
YFR9qGkCa78M_140.000_150.000.wav	Dishes	0.000	0.020
YFR9qGkCa78M_140.000_150.000.wav	Dishes	0.180	0.220
YFR9qGkCa78M_140.000_150.000.wav	Dishes	0.280	10.020
YBLlnu2Tyqu0_30.000_40.000.wav	Cat	0.000	10.020
YwHk1-j5r1JU_385.000_395.000.wav	Speech	0.280	0.740
YwHk1-j5r1JU_385.000_395.000.wav	Speech	3.380	4.200
YwHk1-j5r1JU_385.000_395.000.wav	Speech	4.320	4.420
YwHk1-j5r1JU_385.000_395.000.wav	Speech	4.580	6.960
YwHk1-j5r1JU_385.000_395.000.wav	Speech	7.040	7.200
YwHk1-j5r1JU_385.000_395.000.wav	Speech	7.280	8.720
YwHk1-j5r1JU_385.000_395.000.wav	Speech	8.900	9.280
YwHk1-j5r1JU_385.000_395.000.wav	Dishes	1.780	2.720
YlQ2_0IqvH8g_60.000_70.000.wav	Speech	0.580	0.920
YlQ2_0IqvH8g_60.000_70.000.wav	Speech	1.060	3.000
YlQ2_0IqvH8g_60.000_70.000.wav	Speech	8.160	10.020
YlQ2_0IqvH8g_60.000_70.000.wav	Alarm_bell_ringing	3.660	3.880
YlQ2_0IqvH8g_60.000_70.000.wav	Dishes	6.400	6.440
YlQ2_0IqvH8g_60.000_70.000.wav	Dishes	7.500	7.720
YFHuxuM-iRo4_160.000_170.000.wav	Speech	4.340	4.520
YFHuxuM-iRo4_160.000_170.000.wav	Speech	4.640	6.100
YFHuxuM-iRo4_160.000_170.000.wav	Speech	7.080	8.560
YFHuxuM-iRo4_160.000_170.000.wav	Dog	6.360	6.960
YFHuxuM-iRo4_160.000_170.000.wav	Alarm_bell_ringing	1.000	1.340
YFHuxuM-iRo4_160.000_170.000.wav	Alarm_bell_ringing	2.700	3.020
YPLT9NHo2XHw_30.000_40.000.wav	Speech	0.000	7.840
YPLT9NHo2XHw_30.000_40.000.wav	Speech	8.960	10.020
YPLT9NHo2XHw_30.000_40.000.wav	Dishes	8.340	8.480
YGrnk9p9P7Qk_17.000_27.000.wav	Speech	0.200	0.640
YGrnk9p9P7Qk_17.000_27.000.wav	Speech	0.740	0.760
YGrnk9p9P7Qk_17.000_27.000.wav	Speech	1.000	1.020
YGrnk9p9P7Qk_17.000_27.000.wav	Speech	1.400	1.560
YGrnk9p9P7Qk_17.000_27.000.wav	Speech	6.320	7.160
YGrnk9p9P7Qk_17.000_27.000.wav	Speech	8.780	9.600
YGrnk9p9P7Qk_17.000_27.000.wav	Running_water	0.820	1.440
YGrnk9p9P7Qk_17.000_27.000.wav	Running_water	1.560	6.120
YIK9DLm06eLQ_60.000_70.000.wav	Speech	7.520	8.860
YIK9DLm06eLQ_60.000_70.000.wav	Speech	9.920	10.020
YIK9DLm06eLQ_60.000_70.000.wav	Dog	4.280	4.340
YIK9DLm06eLQ_60.000_70.000.wav	Dog	4.440	4.940
YIK9DLm06eLQ_60.000_70.000.wav	Dog	5.240	5.280
YIK9DLm06eLQ_60.000_70.000.wav	Dog	5.600	5.740
YIK9DLm06eLQ_60.000_70.000.wav	Dog	5.780	7.120
YIK9DLm06eLQ_60.000_70.000.wav	Dog	7.200	7.220
YT9v5TB7J6Ak_268.000_278.000.wav	Speech	0.000	0.060
YT9v5TB7J6Ak_268.000_278.000.wav	Speech	0.520	9.400
YT9v5TB7J6Ak_268.000_278.000.wav	Speech	9.440	10.020
YSRYarmLDPwc_204.000_214.000.wav	Speech	0.880	2.760
YSRYarmLDPwc_204.000_214.000.wav	Speech	3.580	4.180
YSRYarmLDPwc_204.000_214.000.wav	Speech	5.920	9.160
YSRYarmLDPwc_204.000_214.000.wav	Dishes	5.020	5.180
YSRYarmLDPwc_204.000_214.000.wav	Dishes	5.240	5.320
Y-1Hub6Ps_cc_10.000_20.000.wav	Speech	0.000	1.900
Y-1Hub6Ps_cc_10.000_20.000.wav	Speech	3.460	3.540
Y-1Hub6Ps_cc_10.000_20.000.wav	Speech	3.800	4.920
Y-1Hub6Ps_cc_10.000_20.000.wav	Dishes	3.740	3.800
Y-1Hub6Ps_cc_10.000_20.000.wav	Dishes	6.960	7.720
Y-1Hub6Ps_cc_10.000_20.000.wav	Dishes	8.140	8.160
Y-1Hub6Ps_cc_10.000_20.000.wav	Dishes	8.420	8.660
Y-1Hub6Ps_cc_10.000_20.000.wav	Dishes	8.680	8.980
Y-1Hub6Ps_cc_10.000_20.000.wav	Dishes	9.020	9.040
Y-1Hub6Ps_cc_10.000_20.000.wav	Dishes	9.060	9.080
Y-1Hub6Ps_cc_10.000_20.000.wav	Frying	0.060	0.080
Y-1Hub6Ps_cc_10.000_20.000.wav	Frying	1.980	2.100
Y-1Hub6Ps_cc_10.000_20.000.wav	Frying	2.260	3.480
Y-1Hub6Ps_cc_10.000_20.000.wav	Frying	3.540	3.840
Y-1Hub6Ps_cc_10.000_20.000.wav	Frying	5.060	5.600
Y-1Hub6Ps_cc_10.000_20.000.wav	Frying	5.700	10.020
YnF0pJOjN0gw_120.000_130.000.wav	Speech	9.660	9.980
YnF0pJOjN0gw_120.000_130.000.wav	Alarm_bell_ringing	1.180	2.960
Y9ppa4lXXspA_30.000_40.000.wav	Dog	0.060	10.020
Y-lJctvybAJ8_30.000_40.000.wav	Speech	3.900	5.280
Y-lJctvybAJ8_30.000_40.000.wav	Speech	6.460	10.020
Y-lJctvybAJ8_30.000_40.000.wav	Alarm_bell_ringing	1.020	3.960
YqCMCR45l55c_30.000_40.000.wav	Cat	0.000	9.360
YqCMCR45l55c_30.000_40.000.wav	Cat	9.440	9.520
YqCMCR45l55c_30.000_40.000.wav	Cat	9.600	9.640
YL28CnhmeAD4_30.000_40.000.wav	Dog	1.160	2.660
YL28CnhmeAD4_30.000_40.000.wav	Dog	3.240	6.200
YL28CnhmeAD4_30.000_40.000.wav	Dog	6.220	6.320
YL28CnhmeAD4_30.000_40.000.wav	Dog	8.120	8.520
YL28CnhmeAD4_30.000_40.000.wav	Dog	8.820	10.020
YL28CnhmeAD4_30.000_40.000.wav	Alarm_bell_ringing	2.680	3.280
YL28CnhmeAD4_30.000_40.000.wav	Alarm_bell_ringing	6.460	8.000
YL28CnhmeAD4_30.000_40.000.wav	Alarm_bell_ringing	8.520	8.840
YAyA6zrWfkYY_310.000_320.000.wav	Speech	4.600	4.660
YAyA6zrWfkYY_310.000_320.000.wav	Speech	4.960	5.140
YAyA6zrWfkYY_310.000_320.000.wav	Speech	5.560	10.020
YAyA6zrWfkYY_310.000_320.000.wav	Electric_shaver_toothbrush	0.000	4.420
YBQPk4cmN__4_30.000_40.000.wav	Dog	0.180	10.020
Y5-SzNKBcPWs_30.000_40.000.wav	Dog	3.500	3.580
Y5-SzNKBcPWs_30.000_40.000.wav	Dog	5.760	6.380
Y5-SzNKBcPWs_30.000_40.000.wav	Dog	6.400	6.560
Y5-SzNKBcPWs_30.000_40.000.wav	Dog	6.680	6.720
Y5-SzNKBcPWs_30.000_40.000.wav	Dog	7.980	10.020
Y-zCtwbk005g_30.000_40.000.wav	Cat	0.000	10.020
Y23R6_ppquxs_247.000_257.000.wav	Speech	2.820	3.660
Y23R6_ppquxs_247.000_257.000.wav	Speech	5.640	9.880
YUrluLxHLwQM_110.000_120.000.wav	Speech	0.260	2.300
YUrluLxHLwQM_110.000_120.000.wav	Speech	3.440	10.020
YQsWJOPduGT8_140.000_150.000.wav	Speech	1.040	1.600
YQsWJOPduGT8_140.000_150.000.wav	Speech	1.740	2.060
YQsWJOPduGT8_140.000_150.000.wav	Speech	5.380	6.160
YQsWJOPduGT8_140.000_150.000.wav	Speech	6.320	6.360
YQsWJOPduGT8_140.000_150.000.wav	Speech	6.440	7.740
YQsWJOPduGT8_140.000_150.000.wav	Speech	7.900	8.220
YQsWJOPduGT8_140.000_150.000.wav	Speech	8.880	8.980
YQsWJOPduGT8_140.000_150.000.wav	Frying	6.220	6.240
YQsWJOPduGT8_140.000_150.000.wav	Frying	6.380	6.460
YQsWJOPduGT8_140.000_150.000.wav	Frying	7.780	7.920
YQsWJOPduGT8_140.000_150.000.wav	Frying	8.280	8.880
YOnJaLTDVxjQ_240.000_250.000.wav	Speech	0.500	1.100
YOnJaLTDVxjQ_240.000_250.000.wav	Speech	1.840	1.980
YOnJaLTDVxjQ_240.000_250.000.wav	Speech	2.840	3.000
YOnJaLTDVxjQ_240.000_250.000.wav	Speech	3.100	3.520
YOnJaLTDVxjQ_240.000_250.000.wav	Speech	3.620	4.740
YOnJaLTDVxjQ_240.000_250.000.wav	Speech	5.060	5.400
YOnJaLTDVxjQ_240.000_250.000.wav	Speech	6.480	6.580
YOnJaLTDVxjQ_240.000_250.000.wav	Speech	7.320	7.820
YOnJaLTDVxjQ_240.000_250.000.wav	Speech	8.180	8.360
YOnJaLTDVxjQ_240.000_250.000.wav	Speech	8.440	9.000
YOnJaLTDVxjQ_240.000_250.000.wav	Blender	0.060	0.440
YOnJaLTDVxjQ_240.000_250.000.wav	Blender	1.100	1.140
YOnJaLTDVxjQ_240.000_250.000.wav	Blender	1.200	1.820
YOnJaLTDVxjQ_240.000_250.000.wav	Blender	2.040	2.080
YOnJaLTDVxjQ_240.000_250.000.wav	Blender	2.220	2.740
YOnJaLTDVxjQ_240.000_250.000.wav	Blender	6.040	6.140
YOnJaLTDVxjQ_240.000_250.000.wav	Blender	6.260	6.440
YOnJaLTDVxjQ_240.000_250.000.wav	Blender	6.700	6.760
YOnJaLTDVxjQ_240.000_250.000.wav	Blender	7.000	7.080
YMFAttF_l0LY_30.000_40.000.wav	Electric_shaver_toothbrush	0.000	9.560
Y-Irh7_N5Kjs_2.000_12.000.wav	Speech	5.180	5.320
Y-Irh7_N5Kjs_2.000_12.000.wav	Speech	5.340	5.640
Y-Irh7_N5Kjs_2.000_12.000.wav	Speech	5.900	6.200
Y-Irh7_N5Kjs_2.000_12.000.wav	Dog	5.960	9.240
Y-Irh7_N5Kjs_2.000_12.000.wav	Dog	9.360	9.380
Y-Irh7_N5Kjs_2.000_12.000.wav	Blender	0.040	0.960
Y-Irh7_N5Kjs_2.000_12.000.wav	Blender	1.620	4.880
Y-Irh7_N5Kjs_2.000_12.000.wav	Blender	5.680	5.820
Yt8V4ko2DCfc_22.000_32.000.wav	Speech	0.000	1.680
Yt8V4ko2DCfc_22.000_32.000.wav	Speech	5.720	5.960
Yt8V4ko2DCfc_22.000_32.000.wav	Speech	6.220	9.520
Yt8V4ko2DCfc_22.000_32.000.wav	Electric_shaver_toothbrush	2.360	3.720
Yt8V4ko2DCfc_22.000_32.000.wav	Electric_shaver_toothbrush	4.540	4.920
Yt8V4ko2DCfc_22.000_32.000.wav	Electric_shaver_toothbrush	5.080	5.740
Y49efBAywR9Y_150.000_160.000.wav	Speech	0.000	4.820
Y49efBAywR9Y_150.000_160.000.wav	Speech	5.780	9.380
Y49efBAywR9Y_150.000_160.000.wav	Alarm_bell_ringing	5.180	5.500
YI1GC1yWdM_c_30.000_40.000.wav	Cat	3.340	3.380
YI1GC1yWdM_c_30.000_40.000.wav	Cat	3.600	3.680
YI1GC1yWdM_c_30.000_40.000.wav	Cat	3.780	10.020
YuE22T4Mlv0I_270.000_280.000.wav	Running_water	0.320	0.360
YuE22T4Mlv0I_270.000_280.000.wav	Running_water	0.600	0.740
YuE22T4Mlv0I_270.000_280.000.wav	Running_water	0.940	1.040
YuE22T4Mlv0I_270.000_280.000.wav	Running_water	1.220	1.260
YuE22T4Mlv0I_270.000_280.000.wav	Running_water	1.580	2.020
YuE22T4Mlv0I_270.000_280.000.wav	Running_water	2.060	2.300
YuE22T4Mlv0I_270.000_280.000.wav	Running_water	2.480	7.320
YuE22T4Mlv0I_270.000_280.000.wav	Running_water	7.380	7.860
YuE22T4Mlv0I_270.000_280.000.wav	Running_water	7.880	8.400
YWNc2RfxdSm8_420.000_430.000.wav	Dog	8.320	8.520
YWNc2RfxdSm8_420.000_430.000.wav	Dishes	0.640	0.740
YWNc2RfxdSm8_420.000_430.000.wav	Dishes	0.800	1.320
YWNc2RfxdSm8_420.000_430.000.wav	Dishes	1.460	2.840
YWNc2RfxdSm8_420.000_430.000.wav	Dishes	2.980	3.320
YWNc2RfxdSm8_420.000_430.000.wav	Dishes	3.340	3.520
YWNc2RfxdSm8_420.000_430.000.wav	Dishes	4.060	9.600
Y6U_1_DAL7mY_3.000_13.000.wav	Dishes	5.220	9.260
YDpSMRYBjwdk_18.000_28.000.wav	Alarm_bell_ringing	0.440	1.980
YDpSMRYBjwdk_18.000_28.000.wav	Alarm_bell_ringing	2.400	2.680
YDpSMRYBjwdk_18.000_28.000.wav	Alarm_bell_ringing	2.700	2.780
YDpSMRYBjwdk_18.000_28.000.wav	Alarm_bell_ringing	3.440	3.780
YDpSMRYBjwdk_18.000_28.000.wav	Alarm_bell_ringing	4.400	4.900
YDpSMRYBjwdk_18.000_28.000.wav	Alarm_bell_ringing	5.400	5.960
YDpSMRYBjwdk_18.000_28.000.wav	Alarm_bell_ringing	6.340	6.740
Y-z4OZ7ls5Bo_540.000_550.000.wav	Speech	0.000	1.080
Y-z4OZ7ls5Bo_540.000_550.000.wav	Speech	1.500	1.660
Y-z4OZ7ls5Bo_540.000_550.000.wav	Speech	2.020	7.500
Y-z4OZ7ls5Bo_540.000_550.000.wav	Speech	8.380	8.500
Y-z4OZ7ls5Bo_540.000_550.000.wav	Speech	9.760	10.020
YUQ_ikxReo4Y_20.000_30.000.wav	Speech	0.000	0.080
YUQ_ikxReo4Y_20.000_30.000.wav	Speech	0.700	1.980
YUQ_ikxReo4Y_20.000_30.000.wav	Speech	2.820	3.120
YUQ_ikxReo4Y_20.000_30.000.wav	Speech	3.180	3.800
YUQ_ikxReo4Y_20.000_30.000.wav	Speech	4.660	5.120
YUQ_ikxReo4Y_20.000_30.000.wav	Speech	5.340	5.460
YUQ_ikxReo4Y_20.000_30.000.wav	Speech	5.540	5.860
YUQ_ikxReo4Y_20.000_30.000.wav	Speech	6.500	6.720
YUQ_ikxReo4Y_20.000_30.000.wav	Speech	6.760	7.020
YUQ_ikxReo4Y_20.000_30.000.wav	Speech	7.060	7.280
YUQ_ikxReo4Y_20.000_30.000.wav	Speech	7.360	7.540
YUQ_ikxReo4Y_20.000_30.000.wav	Speech	7.860	8.740
YUQ_ikxReo4Y_20.000_30.000.wav	Speech	9.180	9.500
YUQ_ikxReo4Y_20.000_30.000.wav	Frying	0.120	0.720
YUQ_ikxReo4Y_20.000_30.000.wav	Frying	2.080	2.820
YUQ_ikxReo4Y_20.000_30.000.wav	Frying	3.160	3.180
YUQ_ikxReo4Y_20.000_30.000.wav	Frying	3.840	4.660
YUQ_ikxReo4Y_20.000_30.000.wav	Frying	5.480	5.580
YUQ_ikxReo4Y_20.000_30.000.wav	Frying	5.880	6.500
YUQ_ikxReo4Y_20.000_30.000.wav	Frying	7.320	7.340
YUQ_ikxReo4Y_20.000_30.000.wav	Frying	7.560	7.880
YUQ_ikxReo4Y_20.000_30.000.wav	Frying	8.760	9.200
YUQ_ikxReo4Y_20.000_30.000.wav	Frying	9.800	9.960
YOpsC1fCg4IU_170.000_180.000.wav	Speech	9.580	9.880
YOpsC1fCg4IU_170.000_180.000.wav	Electric_shaver_toothbrush	0.660	0.880
YOpsC1fCg4IU_170.000_180.000.wav	Electric_shaver_toothbrush	2.640	2.800
Y5Y-1he25j9E_10.000_20.000.wav	Running_water	0.020	0.660
Y5Y-1he25j9E_10.000_20.000.wav	Running_water	1.680	3.220
Y5Y-1he25j9E_10.000_20.000.wav	Running_water	3.300	3.820
Y5Y-1he25j9E_10.000_20.000.wav	Running_water	4.320	5.000
Y5Y-1he25j9E_10.000_20.000.wav	Running_water	5.580	5.600
Y5Y-1he25j9E_10.000_20.000.wav	Running_water	5.620	5.700
Y5Y-1he25j9E_10.000_20.000.wav	Running_water	5.760	10.020
YdxoIUrTn_K8_10.000_20.000.wav	Speech	5.660	5.700
YdxoIUrTn_K8_10.000_20.000.wav	Speech	5.740	10.020
YdxoIUrTn_K8_10.000_20.000.wav	Alarm_bell_ringing	0.780	4.820
Y8xoenlVVBZw_30.000_40.000.wav	Cat	0.000	10.020
YzE6BVRSQNZU_50.000_60.000.wav	Speech	0.040	0.320
YzE6BVRSQNZU_50.000_60.000.wav	Dog	1.780	1.940
YzE6BVRSQNZU_50.000_60.000.wav	Dog	2.940	3.840
YzE6BVRSQNZU_50.000_60.000.wav	Dog	3.860	3.940
YIPIS6TUVpSM_30.000_40.000.wav	Speech	0.100	0.220
YIPIS6TUVpSM_30.000_40.000.wav	Speech	5.280	5.340
YIPIS6TUVpSM_30.000_40.000.wav	Speech	5.640	5.740
YIPIS6TUVpSM_30.000_40.000.wav	Speech	5.980	6.080
YIPIS6TUVpSM_30.000_40.000.wav	Speech	6.340	6.360
YIPIS6TUVpSM_30.000_40.000.wav	Speech	7.840	7.940
YIPIS6TUVpSM_30.000_40.000.wav	Speech	8.120	8.320
YIPIS6TUVpSM_30.000_40.000.wav	Speech	8.420	8.540
YIPIS6TUVpSM_30.000_40.000.wav	Speech	9.360	9.780
YIPIS6TUVpSM_30.000_40.000.wav	Dog	0.120	0.180
YIPIS6TUVpSM_30.000_40.000.wav	Dog	5.260	5.340
YIPIS6TUVpSM_30.000_40.000.wav	Dog	5.640	5.740
YIPIS6TUVpSM_30.000_40.000.wav	Blender	0.080	5.160
YIPIS6TUVpSM_30.000_40.000.wav	Blender	5.220	5.500
YIPIS6TUVpSM_30.000_40.000.wav	Blender	5.640	5.920
YIPIS6TUVpSM_30.000_40.000.wav	Blender	5.960	9.460
Y3LtXT2KVI-c_30.000_40.000.wav	Cat	0.000	10.020
Y5iARe0XPQdg_95.000_105.000.wav	Speech	1.020	3.120
Y5iARe0XPQdg_95.000_105.000.wav	Speech	4.360	4.460
Y5iARe0XPQdg_95.000_105.000.wav	Speech	5.500	6.620
Y5iARe0XPQdg_95.000_105.000.wav	Speech	8.160	9.020
Y5iARe0XPQdg_95.000_105.000.wav	Dishes	7.440	8.200
Y5iARe0XPQdg_95.000_105.000.wav	Running_water	0.120	0.560
Y5iARe0XPQdg_95.000_105.000.wav	Running_water	0.620	0.640
Y5iARe0XPQdg_95.000_105.000.wav	Running_water	0.720	0.760
Y5iARe0XPQdg_95.000_105.000.wav	Running_water	4.580	5.140
Y5ccSyFBJWgQ_200.000_210.000.wav	Speech	0.300	1.960
Y5ccSyFBJWgQ_200.000_210.000.wav	Speech	6.220	7.500
Y5ccSyFBJWgQ_200.000_210.000.wav	Speech	7.780	9.140
Y5ccSyFBJWgQ_200.000_210.000.wav	Dishes	5.680	6.180
Y5ccSyFBJWgQ_200.000_210.000.wav	Frying	5.760	6.220
Y5ccSyFBJWgQ_200.000_210.000.wav	Frying	7.540	7.820
Y5ccSyFBJWgQ_200.000_210.000.wav	Frying	9.720	9.740
Y5ccSyFBJWgQ_200.000_210.000.wav	Frying	9.760	9.800
Y5ccSyFBJWgQ_200.000_210.000.wav	Frying	9.900	9.940
Y5ccSyFBJWgQ_200.000_210.000.wav	Frying	10.000	10.020
YSgTCzMs_1rA_125.000_135.000.wav	Speech	0.240	0.440
YSgTCzMs_1rA_125.000_135.000.wav	Speech	8.100	9.780
YSgTCzMs_1rA_125.000_135.000.wav	Dishes	2.280	3.280
YSgTCzMs_1rA_125.000_135.000.wav	Dishes	3.360	3.400
YSgTCzMs_1rA_125.000_135.000.wav	Dishes	3.440	3.560
YSgTCzMs_1rA_125.000_135.000.wav	Dishes	4.580	8.160
YSgTCzMs_1rA_125.000_135.000.wav	Running_water	3.680	4.360
Y2jKheXvnT6o_30.000_40.000.wav	Speech	3.740	4.400
Y2jKheXvnT6o_30.000_40.000.wav	Cat	0.000	3.400
Ynq4cdrT7zvs_30.000_40.000.wav	Speech	0.000	0.800
Ynq4cdrT7zvs_30.000_40.000.wav	Speech	4.220	8.000
Ynq4cdrT7zvs_30.000_40.000.wav	Speech	8.760	10.020
Ynq4cdrT7zvs_30.000_40.000.wav	Alarm_bell_ringing	1.420	3.680
YN_NCQdSQ0eA_220.000_230.000.wav	Speech	3.780	4.800
YN_NCQdSQ0eA_220.000_230.000.wav	Speech	5.200	8.760
YN_NCQdSQ0eA_220.000_230.000.wav	Blender	0.920	1.820
Y-lK7eYXq2ZQ_30.000_40.000.wav	Speech	0.420	2.280
Y-lK7eYXq2ZQ_30.000_40.000.wav	Speech	4.280	5.020
Y-lK7eYXq2ZQ_30.000_40.000.wav	Speech	6.060	8.320
Y-lK7eYXq2ZQ_30.000_40.000.wav	Speech	8.620	8.680
Y-lK7eYXq2ZQ_30.000_40.000.wav	Speech	9.360	10.020
Y-lK7eYXq2ZQ_30.000_40.000.wav	Dog	3.600	4.100
YYmW1NLRYTRA_270.000_280.000.wav	Speech	0.880	2.180
YYmW1NLRYTRA_270.000_280.000.wav	Speech	2.600	6.620
YYmW1NLRYTRA_270.000_280.000.wav	Speech	6.900	7.080
YYmW1NLRYTRA_270.000_280.000.wav	Blender	9.380	9.900
Y86owBlJa8f0_24.000_34.000.wav	Cat	0.000	9.920
YIEC8cLcZ6IE_170.000_180.000.wav	Speech	0.800	1.660
YIEC8cLcZ6IE_170.000_180.000.wav	Speech	1.740	1.820
YIEC8cLcZ6IE_170.000_180.000.wav	Speech	1.960	2.460
YIEC8cLcZ6IE_170.000_180.000.wav	Speech	3.080	4.340
YIEC8cLcZ6IE_170.000_180.000.wav	Speech	4.400	6.080
YIEC8cLcZ6IE_170.000_180.000.wav	Speech	6.140	6.280
YIEC8cLcZ6IE_170.000_180.000.wav	Speech	6.340	6.480
YIEC8cLcZ6IE_170.000_180.000.wav	Speech	6.520	6.700
YIEC8cLcZ6IE_170.000_180.000.wav	Speech	6.800	7.440
YIEC8cLcZ6IE_170.000_180.000.wav	Speech	7.680	8.740
YIEC8cLcZ6IE_170.000_180.000.wav	Electric_shaver_toothbrush	0.000	0.820
YIEC8cLcZ6IE_170.000_180.000.wav	Electric_shaver_toothbrush	1.820	2.040
YIEC8cLcZ6IE_170.000_180.000.wav	Electric_shaver_toothbrush	2.580	2.880
YIEC8cLcZ6IE_170.000_180.000.wav	Electric_shaver_toothbrush	8.740	9.300
YIEC8cLcZ6IE_170.000_180.000.wav	Electric_shaver_toothbrush	9.700	9.820
Y03zeVlBWhdY_30.000_40.000.wav	Dog	0.160	0.740
Y03zeVlBWhdY_30.000_40.000.wav	Dog	1.560	1.620
Y03zeVlBWhdY_30.000_40.000.wav	Dog	1.800	2.040
Y03zeVlBWhdY_30.000_40.000.wav	Dog	2.180	2.200
Y03zeVlBWhdY_30.000_40.000.wav	Dog	2.240	10.020
YOni8cJ3oNic_0.000_10.000.wav	Alarm_bell_ringing	5.300	10.020
YO_1Cqphz0oQ_30.000_40.000.wav	Alarm_bell_ringing	0.000	9.980
YqMDpBAs38EA_10.000_20.000.wav	Dishes	0.040	1.320
YqMDpBAs38EA_10.000_20.000.wav	Dishes	1.380	1.440
YqMDpBAs38EA_10.000_20.000.wav	Dishes	1.540	2.100
YqMDpBAs38EA_10.000_20.000.wav	Frying	0.300	0.620
YqMDpBAs38EA_10.000_20.000.wav	Running_water	4.820	7.960
YqMDpBAs38EA_10.000_20.000.wav	Running_water	8.540	9.500
YC-XuGN8nmBM_30.000_40.000.wav	Speech	3.740	4.240
YC-XuGN8nmBM_30.000_40.000.wav	Speech	4.600	4.720
YC-XuGN8nmBM_30.000_40.000.wav	Speech	5.080	5.140
YC-XuGN8nmBM_30.000_40.000.wav	Alarm_bell_ringing	0.000	3.040
YC-XuGN8nmBM_30.000_40.000.wav	Alarm_bell_ringing	8.100	10.020
Y0OFlTh2_Obo_30.000_40.000.wav	Speech	0.300	0.440
Y0OFlTh2_Obo_30.000_40.000.wav	Dog	1.160	10.020
YLnhLeWWaxxc_450.000_460.000.wav	Speech	2.260	2.520
YLnhLeWWaxxc_450.000_460.000.wav	Speech	6.200	6.960
YLnhLeWWaxxc_450.000_460.000.wav	Speech	7.400	7.820
YLnhLeWWaxxc_450.000_460.000.wav	Speech	9.360	9.780
YLnhLeWWaxxc_450.000_460.000.wav	Alarm_bell_ringing	3.900	6.180
YsWxcqTcEWPo_330.000_340.000.wav	Speech	0.440	0.640
YsWxcqTcEWPo_330.000_340.000.wav	Speech	1.180	2.320
YsWxcqTcEWPo_330.000_340.000.wav	Speech	7.580	8.980
YsWxcqTcEWPo_330.000_340.000.wav	Speech	9.240	9.320
YsWxcqTcEWPo_330.000_340.000.wav	Dishes	4.020	4.300
YiNpXCzaWW1s_1.000_11.000.wav	Alarm_bell_ringing	0.000	5.500
YiNpXCzaWW1s_1.000_11.000.wav	Alarm_bell_ringing	5.960	8.500
YRr84-EZvO0U_90.000_100.000.wav	Cat	4.380	8.220
YHyX9bWXA3Bk_40.000_50.000.wav	Dog	1.440	5.300
YHyX9bWXA3Bk_40.000_50.000.wav	Dog	9.140	9.200
YIpqtJmqY4-w_200.000_210.000.wav	Dog	0.620	10.020
Y7-htobm4qu0_30.000_40.000.wav	Speech	0.240	1.240
Y7-htobm4qu0_30.000_40.000.wav	Speech	3.480	3.760
Y7-htobm4qu0_30.000_40.000.wav	Speech	7.120	7.360
Y7-htobm4qu0_30.000_40.000.wav	Dog	5.060	7.180
Y7-htobm4qu0_30.000_40.000.wav	Dog	8.840	8.920
Y7-htobm4qu0_30.000_40.000.wav	Cat	7.820	8.500
Y-LgxtcD700E_30.000_40.000.wav	Speech	0.000	0.420
Y-LgxtcD700E_30.000_40.000.wav	Speech	0.460	0.500
Y-LgxtcD700E_30.000_40.000.wav	Speech	1.100	3.460
Y-LgxtcD700E_30.000_40.000.wav	Speech	3.620	5.720
Y-LgxtcD700E_30.000_40.000.wav	Speech	5.900	7.040
Y-LgxtcD700E_30.000_40.000.wav	Speech	7.880	8.000
Y-LgxtcD700E_30.000_40.000.wav	Speech	8.100	10.020
Y-LgxtcD700E_30.000_40.000.wav	Dishes	3.280	3.400
Y-LgxtcD700E_30.000_40.000.wav	Dishes	3.480	3.720
Y-LgxtcD700E_30.000_40.000.wav	Dishes	3.760	3.780
Y-LgxtcD700E_30.000_40.000.wav	Dishes	4.180	4.400
Y-LgxtcD700E_30.000_40.000.wav	Dishes	4.460	4.740
Y-LgxtcD700E_30.000_40.000.wav	Dishes	5.740	6.060
Y-LgxtcD700E_30.000_40.000.wav	Dishes	7.100	8.520
Yb2JRI-RVw9U_30.000_40.000.wav	Speech	2.620	2.960
Yb2JRI-RVw9U_30.000_40.000.wav	Blender	0.180	0.360
Yb2JRI-RVw9U_30.000_40.000.wav	Running_water	5.540	9.780
Y07mCK08xGRc_10.000_20.000.wav	Speech	6.780	9.320
Y07mCK08xGRc_10.000_20.000.wav	Blender	2.160	2.240
Y07mCK08xGRc_10.000_20.000.wav	Blender	2.880	3.180
Y07mCK08xGRc_10.000_20.000.wav	Blender	3.220	3.360
Y07mCK08xGRc_10.000_20.000.wav	Blender	3.480	3.860
Y07mCK08xGRc_10.000_20.000.wav	Blender	3.920	4.220
Y07mCK08xGRc_10.000_20.000.wav	Blender	5.380	5.860
YQhlmKHbPFhU_30.000_40.000.wav	Speech	3.420	4.100
YQhlmKHbPFhU_30.000_40.000.wav	Blender	6.180	6.200
YQhlmKHbPFhU_30.000_40.000.wav	Blender	6.460	6.480
YQhlmKHbPFhU_30.000_40.000.wav	Blender	9.260	9.280
YQhlmKHbPFhU_30.000_40.000.wav	Blender	9.320	9.800
YQhlmKHbPFhU_30.000_40.000.wav	Vacuum_cleaner	7.860	7.880
YQhlmKHbPFhU_30.000_40.000.wav	Vacuum_cleaner	8.040	8.260
YQhlmKHbPFhU_30.000_40.000.wav	Vacuum_cleaner	8.340	8.580
YQhlmKHbPFhU_30.000_40.000.wav	Vacuum_cleaner	8.640	8.760
YQhlmKHbPFhU_30.000_40.000.wav	Vacuum_cleaner	8.800	8.880
YN6jWCVO38iA_20.000_30.000.wav	Speech	4.460	10.020
YN6jWCVO38iA_20.000_30.000.wav	Dishes	0.760	0.780
YN6jWCVO38iA_20.000_30.000.wav	Dishes	1.020	4.540
YN6jWCVO38iA_20.000_30.000.wav	Frying	3.000	3.820
Y-1LQP2wemiQ_30.000_40.000.wav	Speech	0.000	0.080
Y-1LQP2wemiQ_30.000_40.000.wav	Speech	0.540	7.280
Y-1LQP2wemiQ_30.000_40.000.wav	Speech	7.900	9.820
Y-1LQP2wemiQ_30.000_40.000.wav	Alarm_bell_ringing	7.380	7.840
YGrOGLM09GPQ_110.000_120.000.wav	Blender	0.340	1.440
YGrOGLM09GPQ_110.000_120.000.wav	Blender	1.940	7.900
YGrOGLM09GPQ_110.000_120.000.wav	Blender	8.020	8.600
YXqbh1sm95w4_240.000_250.000.wav	Speech	2.260	3.780
YXqbh1sm95w4_240.000_250.000.wav	Electric_shaver_toothbrush	0.920	2.300
YXqbh1sm95w4_240.000_250.000.wav	Electric_shaver_toothbrush	3.760	9.880
YwRgusJ3Jil0_30.000_40.000.wav	Speech	0.000	0.380
YwRgusJ3Jil0_30.000_40.000.wav	Speech	1.640	1.880
YwRgusJ3Jil0_30.000_40.000.wav	Speech	2.040	8.560
YwRgusJ3Jil0_30.000_40.000.wav	Speech	8.940	10.020
YwRgusJ3Jil0_30.000_40.000.wav	Frying	0.420	1.280
YwRgusJ3Jil0_30.000_40.000.wav	Frying	1.340	1.460
YwRgusJ3Jil0_30.000_40.000.wav	Frying	8.660	8.760
YN4gbP2QU2fk_220.000_230.000.wav	Speech	0.400	1.020
YN4gbP2QU2fk_220.000_230.000.wav	Speech	5.700	6.220
YN4gbP2QU2fk_220.000_230.000.wav	Speech	9.420	9.620
YN4gbP2QU2fk_220.000_230.000.wav	Speech	9.820	10.020
YN4gbP2QU2fk_220.000_230.000.wav	Running_water	1.300	5.540
YN4gbP2QU2fk_220.000_230.000.wav	Running_water	6.420	8.000
Yk72FzEY2C7w_130.000_140.000.wav	Speech	0.000	2.820
Yk72FzEY2C7w_130.000_140.000.wav	Speech	5.220	5.460
Yk72FzEY2C7w_130.000_140.000.wav	Speech	5.480	5.740
Yk72FzEY2C7w_130.000_140.000.wav	Speech	6.860	7.060
Yk72FzEY2C7w_130.000_140.000.wav	Speech	7.100	7.420
Yk72FzEY2C7w_130.000_140.000.wav	Speech	7.580	7.660
Yk72FzEY2C7w_130.000_140.000.wav	Speech	8.300	9.380
Yk72FzEY2C7w_130.000_140.000.wav	Speech	9.400	9.800
Yk72FzEY2C7w_130.000_140.000.wav	Dishes	6.100	6.360
Yk72FzEY2C7w_130.000_140.000.wav	Dishes	6.420	6.580
Yk72FzEY2C7w_130.000_140.000.wav	Dishes	8.120	8.140
Yk72FzEY2C7w_130.000_140.000.wav	Frying	3.880	4.060
Yk72FzEY2C7w_130.000_140.000.wav	Frying	4.080	5.200
Yk72FzEY2C7w_130.000_140.000.wav	Frying	5.900	6.400
Y-AeiYb4vDK0_340.000_350.000.wav	Speech	3.940	5.200
Y-AeiYb4vDK0_340.000_350.000.wav	Dishes	5.620	10.020
Yx2UwwIt87F8_270.000_280.000.wav	Speech	1.240	1.960
Yx2UwwIt87F8_270.000_280.000.wav	Speech	2.000	2.780
Yx2UwwIt87F8_270.000_280.000.wav	Speech	3.580	4.140
Yx2UwwIt87F8_270.000_280.000.wav	Speech	4.740	5.280
Yx2UwwIt87F8_270.000_280.000.wav	Speech	6.340	8.080
Yx2UwwIt87F8_270.000_280.000.wav	Speech	8.320	9.680
Yx2UwwIt87F8_270.000_280.000.wav	Dishes	0.360	1.260
Yx2UwwIt87F8_270.000_280.000.wav	Dishes	1.980	2.100
Yx2UwwIt87F8_270.000_280.000.wav	Dishes	3.180	3.280
Yx2UwwIt87F8_270.000_280.000.wav	Dishes	3.300	3.320
Yx2UwwIt87F8_270.000_280.000.wav	Frying	0.000	1.260
Yx2UwwIt87F8_270.000_280.000.wav	Frying	1.920	2.140
Yx2UwwIt87F8_270.000_280.000.wav	Frying	2.780	3.620
Yx2UwwIt87F8_270.000_280.000.wav	Frying	4.140	4.780
Yx2UwwIt87F8_270.000_280.000.wav	Frying	5.280	6.360
Yx2UwwIt87F8_270.000_280.000.wav	Frying	8.120	8.320
Yx2UwwIt87F8_270.000_280.000.wav	Frying	8.400	8.460
Yx2UwwIt87F8_270.000_280.000.wav	Frying	9.800	10.020
YdrKz0IW9_EM_130.000_140.000.wav	Blender	5.180	5.700
YdrKz0IW9_EM_130.000_140.000.wav	Blender	5.760	5.780
Y9q3P6N22V9M_40.000_50.000.wav	Speech	0.000	0.120
Y9q3P6N22V9M_40.000_50.000.wav	Speech	0.180	2.320
Y9q3P6N22V9M_40.000_50.000.wav	Speech	4.640	10.020
YExPMwoIHO8M_10.000_20.000.wav	Speech	0.000	0.360
YExPMwoIHO8M_10.000_20.000.wav	Speech	0.540	0.600
YExPMwoIHO8M_10.000_20.000.wav	Speech	1.860	1.960
YExPMwoIHO8M_10.000_20.000.wav	Speech	2.100	2.160
YExPMwoIHO8M_10.000_20.000.wav	Speech	7.560	9.740
YRfTFFgqX58A_100.000_110.000.wav	Running_water	4.140	4.720
YRfTFFgqX58A_100.000_110.000.wav	Running_water	4.800	5.020
YEecU1KGJIt4_20.000_30.000.wav	Speech	0.000	1.260
YEecU1KGJIt4_20.000_30.000.wav	Speech	1.520	1.780
YEecU1KGJIt4_20.000_30.000.wav	Dog	3.980	10.020
YIsKPMBn6irE_12.000_22.000.wav	Dog	0.140	9.200
Y-geVmY-Zo3E_30.000_40.000.wav	Cat	1.540	2.140
Y-geVmY-Zo3E_30.000_40.000.wav	Cat	2.400	4.680
Y-geVmY-Zo3E_30.000_40.000.wav	Cat	4.840	4.940
Y-geVmY-Zo3E_30.000_40.000.wav	Cat	5.560	9.340
Y-geVmY-Zo3E_30.000_40.000.wav	Cat	9.380	9.420
Y4Aj7Skyn1fs_260.000_270.000.wav	Blender	7.920	7.960
Y4Aj7Skyn1fs_260.000_270.000.wav	Blender	8.120	8.360
Y4Aj7Skyn1fs_260.000_270.000.wav	Vacuum_cleaner	1.820	1.840
Y4Aj7Skyn1fs_260.000_270.000.wav	Vacuum_cleaner	1.940	2.320
Y4Aj7Skyn1fs_260.000_270.000.wav	Vacuum_cleaner	2.340	2.400
Y4Aj7Skyn1fs_260.000_270.000.wav	Vacuum_cleaner	3.340	3.420
YCWhcGT6pno4_120.000_130.000.wav	Speech	0.000	3.380
YCWhcGT6pno4_120.000_130.000.wav	Speech	7.720	8.860
YCWhcGT6pno4_120.000_130.000.wav	Speech	9.540	9.560
YCWhcGT6pno4_120.000_130.000.wav	Speech	9.660	10.020
YCWhcGT6pno4_120.000_130.000.wav	Blender	4.120	4.960
YCWhcGT6pno4_120.000_130.000.wav	Blender	5.720	6.860
YCWhcGT6pno4_120.000_130.000.wav	Running_water	4.800	5.780
YCWhcGT6pno4_120.000_130.000.wav	Running_water	6.580	7.160
Y-hss7xpzIVc_30.000_40.000.wav	Speech	0.000	0.560
Y-hss7xpzIVc_30.000_40.000.wav	Speech	1.040	2.220
Y-hss7xpzIVc_30.000_40.000.wav	Speech	3.160	4.320
Y-hss7xpzIVc_30.000_40.000.wav	Speech	4.760	8.060
Y-hss7xpzIVc_30.000_40.000.wav	Speech	8.360	8.780
Y-hss7xpzIVc_30.000_40.000.wav	Speech	8.960	10.020
YKyMT2DRBqTo_40.000_50.000.wav	Speech	0.000	7.540
YKyMT2DRBqTo_40.000_50.000.wav	Speech	8.360	9.260
YKyMT2DRBqTo_40.000_50.000.wav	Speech	9.620	9.680
YKyMT2DRBqTo_40.000_50.000.wav	Dishes	7.720	8.520
YKyMT2DRBqTo_40.000_50.000.wav	Frying	8.160	8.520
YKyMT2DRBqTo_40.000_50.000.wav	Frying	9.300	9.600
YKyMT2DRBqTo_40.000_50.000.wav	Frying	9.820	10.020
YKyMT2DRBqTo_40.000_50.000.wav	Running_water	9.740	9.780
Y2bYyywE97aA_30.000_40.000.wav	Speech	0.460	0.580
Y2bYyywE97aA_30.000_40.000.wav	Speech	2.660	2.720
Y2bYyywE97aA_30.000_40.000.wav	Speech	3.020	3.060
Y2bYyywE97aA_30.000_40.000.wav	Speech	9.880	9.960
Y2bYyywE97aA_30.000_40.000.wav	Blender	0.880	2.500
Y2bYyywE97aA_30.000_40.000.wav	Blender	2.580	2.760
Y2bYyywE97aA_30.000_40.000.wav	Blender	2.960	8.860
Y2bYyywE97aA_30.000_40.000.wav	Blender	9.300	9.500
Yq1gZT6aiY_o_30.000_40.000.wav	Alarm_bell_ringing	0.000	10.020
Y7qAvg5uQN9I_200.000_210.000.wav	Blender	0.560	8.120
YhEm2oWVXj3g_70.000_80.000.wav	Speech	0.000	2.540
YhEm2oWVXj3g_70.000_80.000.wav	Blender	4.380	9.900
YhEm2oWVXj3g_70.000_80.000.wav	Vacuum_cleaner	6.400	6.420
Y8ewn7JCJbEM_30.000_40.000.wav	Dog	0.480	6.600
Y8ewn7JCJbEM_30.000_40.000.wav	Dog	9.360	9.440
Y8ewn7JCJbEM_30.000_40.000.wav	Cat	8.020	8.460
Y6psjy93yoTA_30.000_40.000.wav	Speech	0.000	0.200
Y6psjy93yoTA_30.000_40.000.wav	Speech	0.640	0.700
Y6psjy93yoTA_30.000_40.000.wav	Speech	1.380	2.040
Y6psjy93yoTA_30.000_40.000.wav	Speech	3.540	3.660
Y6psjy93yoTA_30.000_40.000.wav	Speech	5.220	5.680
Y6psjy93yoTA_30.000_40.000.wav	Electric_shaver_toothbrush	0.540	0.640
Y6psjy93yoTA_30.000_40.000.wav	Electric_shaver_toothbrush	0.840	1.380
Y6psjy93yoTA_30.000_40.000.wav	Electric_shaver_toothbrush	2.160	2.300
Y6psjy93yoTA_30.000_40.000.wav	Electric_shaver_toothbrush	2.340	2.440
Y6psjy93yoTA_30.000_40.000.wav	Electric_shaver_toothbrush	2.480	2.520
Y6psjy93yoTA_30.000_40.000.wav	Electric_shaver_toothbrush	2.540	3.540
Y6psjy93yoTA_30.000_40.000.wav	Electric_shaver_toothbrush	3.720	4.560
Y6psjy93yoTA_30.000_40.000.wav	Electric_shaver_toothbrush	4.960	5.240
Y-Sd-j0rKeKw_30.000_40.000.wav	Speech	3.040	4.020
Y-Sd-j0rKeKw_30.000_40.000.wav	Speech	5.740	6.140
Y-Sd-j0rKeKw_30.000_40.000.wav	Speech	7.840	7.880
Y-Sd-j0rKeKw_30.000_40.000.wav	Speech	9.220	9.400
Y-Sd-j0rKeKw_30.000_40.000.wav	Speech	9.900	9.980
Y-Sd-j0rKeKw_30.000_40.000.wav	Dog	1.100	1.420
YWBJVzaSvSsg_150.000_160.000.wav	Speech	0.000	2.420
YWBJVzaSvSsg_150.000_160.000.wav	Speech	2.700	4.040
YWBJVzaSvSsg_150.000_160.000.wav	Speech	5.580	10.020
YWBJVzaSvSsg_150.000_160.000.wav	Dishes	2.600	2.680
YLQdCy79W9Vw_20.000_30.000.wav	Speech	0.000	0.580
YLQdCy79W9Vw_20.000_30.000.wav	Speech	1.100	4.800
YLQdCy79W9Vw_20.000_30.000.wav	Speech	5.100	5.200
YLQdCy79W9Vw_20.000_30.000.wav	Speech	5.340	6.740
YLQdCy79W9Vw_20.000_30.000.wav	Speech	9.500	9.820
YLQdCy79W9Vw_20.000_30.000.wav	Frying	8.640	8.720
YLQdCy79W9Vw_20.000_30.000.wav	Frying	8.780	9.320
YQ7q8xQijBCg_32.000_42.000.wav	Speech	5.980	6.320
YQ7q8xQijBCg_32.000_42.000.wav	Dog	9.740	10.020
YZRQ3vw3wNQ0_10.000_20.000.wav	Speech	0.120	0.200
YZRQ3vw3wNQ0_10.000_20.000.wav	Speech	0.440	0.680
YZRQ3vw3wNQ0_10.000_20.000.wav	Vacuum_cleaner	4.380	4.420
YZRQ3vw3wNQ0_10.000_20.000.wav	Vacuum_cleaner	4.760	4.960
YZRQ3vw3wNQ0_10.000_20.000.wav	Vacuum_cleaner	4.980	5.120
YZRQ3vw3wNQ0_10.000_20.000.wav	Vacuum_cleaner	6.220	8.940
YZRQ3vw3wNQ0_10.000_20.000.wav	Vacuum_cleaner	8.960	9.220
YZRQ3vw3wNQ0_10.000_20.000.wav	Vacuum_cleaner	9.240	9.440
YZRQ3vw3wNQ0_10.000_20.000.wav	Vacuum_cleaner	9.480	9.720
YjH6-RU2or84_40.000_50.000.wav	Running_water	0.000	7.980
YSyH7GZwBaOw_330.000_340.000.wav	Blender	0.800	1.000
YSyH7GZwBaOw_330.000_340.000.wav	Blender	1.080	1.260
YSyH7GZwBaOw_330.000_340.000.wav	Blender	4.440	4.460
YSyH7GZwBaOw_330.000_340.000.wav	Blender	4.620	4.780
YSyH7GZwBaOw_330.000_340.000.wav	Blender	4.800	5.040
YSyH7GZwBaOw_330.000_340.000.wav	Blender	5.080	5.300
YSyH7GZwBaOw_330.000_340.000.wav	Blender	5.380	5.480
YSyH7GZwBaOw_330.000_340.000.wav	Blender	6.940	7.080
YQtpn66PvyUA_3.000_13.000.wav	Alarm_bell_ringing	0.000	8.660
Y1jgxLsJ7XkM_90.000_100.000.wav	Dishes	3.540	3.560
Y1jgxLsJ7XkM_90.000_100.000.wav	Dishes	3.660	3.680
Y1jgxLsJ7XkM_90.000_100.000.wav	Dishes	3.740	3.780
Y1jgxLsJ7XkM_90.000_100.000.wav	Dishes	3.960	7.940
Y1jgxLsJ7XkM_90.000_100.000.wav	Dishes	8.000	8.200
Y1jgxLsJ7XkM_90.000_100.000.wav	Running_water	8.560	9.420
Y-21_SXelVNo_30.000_40.000.wav	Speech	0.000	1.160
Y-21_SXelVNo_30.000_40.000.wav	Speech	2.420	3.240
Y-21_SXelVNo_30.000_40.000.wav	Running_water	5.020	5.120
YTY4tkJAQ1Qg_20.000_30.000.wav	Dog	1.960	9.080
Ys2rKr07YOiM_110.000_120.000.wav	Speech	1.780	2.380
Ys2rKr07YOiM_110.000_120.000.wav	Dog	6.300	9.800
Ys2rKr07YOiM_110.000_120.000.wav	Dog	10.000	10.020
Ys2rKr07YOiM_110.000_120.000.wav	Dishes	4.040	4.760
Ys2rKr07YOiM_110.000_120.000.wav	Dishes	4.820	6.060
YI_YpojoZeAI_350.000_360.000.wav	Blender	0.000	5.780
YI_YpojoZeAI_350.000_360.000.wav	Blender	5.800	5.880
YI_YpojoZeAI_350.000_360.000.wav	Blender	6.700	6.840
YI_YpojoZeAI_350.000_360.000.wav	Blender	7.480	9.920
Y-a0drwQsrso_310.000_320.000.wav	Speech	2.060	2.300
Y-a0drwQsrso_310.000_320.000.wav	Speech	2.540	2.940
Y-a0drwQsrso_310.000_320.000.wav	Speech	3.280	3.460
Y-a0drwQsrso_310.000_320.000.wav	Speech	4.340	4.440
Y-a0drwQsrso_310.000_320.000.wav	Speech	4.660	4.780
Y-a0drwQsrso_310.000_320.000.wav	Speech	4.860	4.940
Y-a0drwQsrso_310.000_320.000.wav	Speech	5.160	5.280
Y-a0drwQsrso_310.000_320.000.wav	Speech	9.020	9.220
Y-a0drwQsrso_310.000_320.000.wav	Speech	9.500	9.520
Y-a0drwQsrso_310.000_320.000.wav	Blender	0.060	2.180
Y-a0drwQsrso_310.000_320.000.wav	Blender	2.200	2.540
Y-a0drwQsrso_310.000_320.000.wav	Blender	2.840	5.160
Y-a0drwQsrso_310.000_320.000.wav	Blender	5.260	9.920
Y-a0drwQsrso_310.000_320.000.wav	Vacuum_cleaner	0.080	0.400
Y-a0drwQsrso_310.000_320.000.wav	Vacuum_cleaner	0.700	0.840
Y-a0drwQsrso_310.000_320.000.wav	Vacuum_cleaner	1.600	1.740
Y-UoPcgmbIkk_30.000_40.000.wav	Speech	0.000	10.020
YTM23x21Qs2Q_30.000_40.000.wav	Dog	6.860	6.900
YTM23x21Qs2Q_30.000_40.000.wav	Dog	6.960	7.140
YTM23x21Qs2Q_30.000_40.000.wav	Dog	7.200	7.720
YTM23x21Qs2Q_30.000_40.000.wav	Dog	8.320	10.020
YTM23x21Qs2Q_30.000_40.000.wav	Running_water	4.700	5.420
YT21ElXBt27A_10.000_20.000.wav	Running_water	0.060	4.960
YT21ElXBt27A_10.000_20.000.wav	Running_water	5.060	5.160
YT21ElXBt27A_10.000_20.000.wav	Running_water	5.520	5.600
YT21ElXBt27A_10.000_20.000.wav	Running_water	5.660	5.780
YT21ElXBt27A_10.000_20.000.wav	Running_water	6.740	6.760
YT21ElXBt27A_10.000_20.000.wav	Running_water	7.340	7.380
YLyIhmCTPLUc_30.000_40.000.wav	Cat	0.000	10.020
YXJsXMIlnWJo_20.000_30.000.wav	Speech	0.000	1.620
YXJsXMIlnWJo_20.000_30.000.wav	Speech	2.300	5.780
YXJsXMIlnWJo_20.000_30.000.wav	Speech	5.880	6.640
YXJsXMIlnWJo_20.000_30.000.wav	Speech	6.800	7.360
YXJsXMIlnWJo_20.000_30.000.wav	Speech	7.440	7.600
YXJsXMIlnWJo_20.000_30.000.wav	Speech	7.640	7.760
YXJsXMIlnWJo_20.000_30.000.wav	Cat	8.340	10.020
YXJsXMIlnWJo_20.000_30.000.wav	Alarm_bell_ringing	1.960	2.160
Yy4E6tNhxeFo_12.000_22.000.wav	Alarm_bell_ringing	1.340	9.160
Y0Mba3BS1oRM_30.000_40.000.wav	Speech	0.000	1.020
Y0Mba3BS1oRM_30.000_40.000.wav	Speech	1.460	3.420
Y0Mba3BS1oRM_30.000_40.000.wav	Speech	4.380	4.920
Y0Mba3BS1oRM_30.000_40.000.wav	Speech	5.200	8.260
Y0Mba3BS1oRM_30.000_40.000.wav	Speech	9.120	10.020
Y0Mba3BS1oRM_30.000_40.000.wav	Dishes	8.460	8.840
Y0Mba3BS1oRM_30.000_40.000.wav	Dishes	9.460	9.580
Y0Mba3BS1oRM_30.000_40.000.wav	Frying	3.560	3.780
Y0Mba3BS1oRM_30.000_40.000.wav	Frying	4.000	4.020
Y0Mba3BS1oRM_30.000_40.000.wav	Frying	4.120	4.140
Y0Mba3BS1oRM_30.000_40.000.wav	Frying	4.200	4.360
Y0Mba3BS1oRM_30.000_40.000.wav	Frying	4.940	5.200
Y0Mba3BS1oRM_30.000_40.000.wav	Frying	8.360	9.100
Y0Mba3BS1oRM_30.000_40.000.wav	Frying	9.480	9.560
YNJObNgIHwUw_0.000_10.000.wav	Speech	1.280	4.700
YNJObNgIHwUw_0.000_10.000.wav	Speech	4.760	4.840
YNJObNgIHwUw_0.000_10.000.wav	Speech	5.600	5.920
YNJObNgIHwUw_0.000_10.000.wav	Speech	7.420	9.700
YNJObNgIHwUw_0.000_10.000.wav	Alarm_bell_ringing	0.340	1.320
YNJObNgIHwUw_0.000_10.000.wav	Frying	9.800	9.880
YNJObNgIHwUw_0.000_10.000.wav	Blender	6.600	6.860
Yj4QXK7I4kfk_30.000_40.000.wav	Dog	7.880	8.620
Yj4QXK7I4kfk_30.000_40.000.wav	Dog	8.660	8.700
Yj4QXK7I4kfk_30.000_40.000.wav	Dog	9.100	9.160
Yj4QXK7I4kfk_30.000_40.000.wav	Cat	0.000	5.980
Yj4QXK7I4kfk_30.000_40.000.wav	Cat	6.580	7.600
YHhP9eZ8cNIY_0.000_10.000.wav	Speech	7.280	7.480
YHhP9eZ8cNIY_0.000_10.000.wav	Speech	8.420	8.720
YHhP9eZ8cNIY_0.000_10.000.wav	Speech	9.800	9.900
YHhP9eZ8cNIY_0.000_10.000.wav	Alarm_bell_ringing	0.000	5.500
YWQ3nvU44-3E_380.000_390.000.wav	Speech	0.000	1.060
YWQ3nvU44-3E_380.000_390.000.wav	Speech	1.300	7.540
YWQ3nvU44-3E_380.000_390.000.wav	Speech	9.340	10.020
YWQ3nvU44-3E_380.000_390.000.wav	Alarm_bell_ringing	8.860	9.360
Y9OqtuFGCCR8_30.000_40.000.wav	Alarm_bell_ringing	0.000	4.780
Y9OqtuFGCCR8_30.000_40.000.wav	Alarm_bell_ringing	6.540	10.020
YAsTZm7QtY84_30.000_40.000.wav	Vacuum_cleaner	0.020	8.340
YAsTZm7QtY84_30.000_40.000.wav	Vacuum_cleaner	8.440	8.500
YaE-_vO4AagE_70.000_80.000.wav	Speech	0.000	0.320
YaE-_vO4AagE_70.000_80.000.wav	Speech	9.040	9.340
YaE-_vO4AagE_70.000_80.000.wav	Speech	9.620	10.000
YaE-_vO4AagE_70.000_80.000.wav	Dog	7.940	8.740
YaE-_vO4AagE_70.000_80.000.wav	Dog	8.780	8.800
YaE-_vO4AagE_70.000_80.000.wav	Running_water	3.420	3.440
YaE-_vO4AagE_70.000_80.000.wav	Running_water	3.480	3.520
YD1iGDvdIihk_280.000_290.000.wav	Speech	5.220	5.980
YD1iGDvdIihk_280.000_290.000.wav	Speech	7.260	8.540
YD1iGDvdIihk_280.000_290.000.wav	Speech	8.680	9.060
YD1iGDvdIihk_280.000_290.000.wav	Running_water	2.840	5.220
YD1iGDvdIihk_280.000_290.000.wav	Running_water	5.980	7.260
YD1iGDvdIihk_280.000_290.000.wav	Running_water	8.580	8.660
YD1iGDvdIihk_280.000_290.000.wav	Running_water	9.080	9.980
YgsukGIidetE_150.000_160.000.wav	Speech	0.980	2.480
YgsukGIidetE_150.000_160.000.wav	Speech	4.540	5.640
YgsukGIidetE_150.000_160.000.wav	Speech	6.180	7.020
YgsukGIidetE_150.000_160.000.wav	Dog	8.620	8.680
YgsukGIidetE_150.000_160.000.wav	Dishes	2.940	3.060
YgsukGIidetE_150.000_160.000.wav	Dishes	3.700	4.580
YgsukGIidetE_150.000_160.000.wav	Dishes	5.800	6.280
YgsukGIidetE_150.000_160.000.wav	Dishes	7.020	9.960
YgsukGIidetE_150.000_160.000.wav	Dishes	10.000	10.020
YgsukGIidetE_150.000_160.000.wav	Frying	2.600	3.160
YgsukGIidetE_150.000_160.000.wav	Frying	3.220	4.540
YgsukGIidetE_150.000_160.000.wav	Frying	5.740	6.220
YgsukGIidetE_150.000_160.000.wav	Frying	7.300	8.060
YgsukGIidetE_150.000_160.000.wav	Frying	8.140	8.260
YgsukGIidetE_150.000_160.000.wav	Frying	8.460	8.520
YgsukGIidetE_150.000_160.000.wav	Frying	8.860	9.780
YfPC2b7tRXfQ_480.000_490.000.wav	Speech	0.000	4.440
YfPC2b7tRXfQ_480.000_490.000.wav	Speech	4.660	4.740
YfPC2b7tRXfQ_480.000_490.000.wav	Blender	5.900	8.940
YfPC2b7tRXfQ_480.000_490.000.wav	Blender	9.360	9.480
Y-zgGL2o1jqw_80.000_90.000.wav	Running_water	1.460	5.900
Y-zgGL2o1jqw_80.000_90.000.wav	Running_water	6.020	6.060
Y-zgGL2o1jqw_80.000_90.000.wav	Running_water	6.400	6.820
Y-zgGL2o1jqw_80.000_90.000.wav	Running_water	6.980	7.200
Y39rXWSXGOyo_80.000_90.000.wav	Cat	2.300	2.460
Y39rXWSXGOyo_80.000_90.000.wav	Cat	2.660	2.960
Y39rXWSXGOyo_80.000_90.000.wav	Cat	3.000	8.380
Y39rXWSXGOyo_80.000_90.000.wav	Cat	8.500	8.520
Y39rXWSXGOyo_80.000_90.000.wav	Cat	8.620	8.840
Y39rXWSXGOyo_80.000_90.000.wav	Cat	8.940	10.020
Y-DSNfC2EJhU_20.000_30.000.wav	Running_water	0.000	4.720
Y-DSNfC2EJhU_20.000_30.000.wav	Running_water	7.340	10.020
Y_eLVrgvrVBQ_20.000_30.000.wav	Speech	9.160	9.540
Y_eLVrgvrVBQ_20.000_30.000.wav	Vacuum_cleaner	0.040	9.960
Y8TWtLCjUI5I_0.000_7.000.wav	Dog	0.760	6.960
YRF8fPkV9HNc_10.000_20.000.wav	Cat	0.000	9.860
Y6s7Tv_wqWNE_150.000_160.000.wav	Speech	0.000	0.120
Y6s7Tv_wqWNE_150.000_160.000.wav	Speech	7.140	10.020
Y6s7Tv_wqWNE_150.000_160.000.wav	Blender	1.940	7.000
YKIudjmj3ac4_390.000_400.000.wav	Speech	0.480	0.920
YKIudjmj3ac4_390.000_400.000.wav	Speech	1.100	1.260
YKIudjmj3ac4_390.000_400.000.wav	Speech	1.660	1.760
YKIudjmj3ac4_390.000_400.000.wav	Speech	2.260	2.360
YKIudjmj3ac4_390.000_400.000.wav	Speech	2.740	2.840
YKIudjmj3ac4_390.000_400.000.wav	Speech	5.280	6.280
YKIudjmj3ac4_390.000_400.000.wav	Speech	8.600	9.340
YKIudjmj3ac4_390.000_400.000.wav	Speech	9.700	10.020
YKIudjmj3ac4_390.000_400.000.wav	Dishes	1.480	1.660
YKIudjmj3ac4_390.000_400.000.wav	Dishes	1.840	2.320
YKIudjmj3ac4_390.000_400.000.wav	Dishes	2.360	5.340
YKIudjmj3ac4_390.000_400.000.wav	Dishes	6.300	8.780
YKIudjmj3ac4_390.000_400.000.wav	Dishes	9.360	9.800
YKIudjmj3ac4_390.000_400.000.wav	Frying	2.600	2.680
YKIudjmj3ac4_390.000_400.000.wav	Frying	2.920	3.000
YKIudjmj3ac4_390.000_400.000.wav	Frying	3.280	5.300
YKIudjmj3ac4_390.000_400.000.wav	Frying	6.320	8.620
YKIudjmj3ac4_390.000_400.000.wav	Frying	9.380	9.780
Y4GxRRVp3hD4_18.000_28.000.wav	Speech	2.420	4.260
Y4GxRRVp3hD4_18.000_28.000.wav	Speech	5.420	8.240
Y4GxRRVp3hD4_18.000_28.000.wav	Speech	8.620	8.780
Y4GxRRVp3hD4_18.000_28.000.wav	Blender	4.720	5.160
YDvNGnkY_S6I_50.000_60.000.wav	Dog	0.500	0.560
YDvNGnkY_S6I_50.000_60.000.wav	Dog	0.640	2.000
YDvNGnkY_S6I_50.000_60.000.wav	Dog	2.120	2.360
YDvNGnkY_S6I_50.000_60.000.wav	Dog	2.440	2.540
YDvNGnkY_S6I_50.000_60.000.wav	Dog	3.560	4.400
YDvNGnkY_S6I_50.000_60.000.wav	Dog	4.700	4.840
YDvNGnkY_S6I_50.000_60.000.wav	Dog	4.900	10.020
YWEcspBO2MkA_10.000_20.000.wav	Speech	0.360	0.520
YWEcspBO2MkA_10.000_20.000.wav	Speech	0.880	1.000
YWEcspBO2MkA_10.000_20.000.wav	Speech	5.360	6.460
YWEcspBO2MkA_10.000_20.000.wav	Speech	6.900	7.840
YWEcspBO2MkA_10.000_20.000.wav	Speech	8.380	9.080
YWEcspBO2MkA_10.000_20.000.wav	Blender	2.180	5.140
YASUgGJpwlMs_29.000_39.000.wav	Alarm_bell_ringing	0.040	0.220
YASUgGJpwlMs_29.000_39.000.wav	Alarm_bell_ringing	0.260	0.300
YASUgGJpwlMs_29.000_39.000.wav	Alarm_bell_ringing	2.660	6.860
YpID6qxDsK8k_320.000_330.000.wav	Speech	0.000	1.620
YpID6qxDsK8k_320.000_330.000.wav	Speech	2.300	4.320
YpID6qxDsK8k_320.000_330.000.wav	Speech	4.440	5.240
YpID6qxDsK8k_320.000_330.000.wav	Dishes	1.620	2.400
YpID6qxDsK8k_320.000_330.000.wav	Dishes	5.520	7.340
YJwhuPQxlCpg_30.000_40.000.wav	Speech	0.000	0.380
YJwhuPQxlCpg_30.000_40.000.wav	Speech	1.620	1.780
YJwhuPQxlCpg_30.000_40.000.wav	Speech	3.720	4.380
YJwhuPQxlCpg_30.000_40.000.wav	Speech	6.180	6.440
YJwhuPQxlCpg_30.000_40.000.wav	Speech	7.500	7.780
YJwhuPQxlCpg_30.000_40.000.wav	Running_water	8.760	10.020
YhYBE6m0peaM_340.000_350.000.wav	Speech	0.000	2.320
YhYBE6m0peaM_340.000_350.000.wav	Speech	2.480	3.480
YhYBE6m0peaM_340.000_350.000.wav	Speech	7.040	7.060
YhYBE6m0peaM_340.000_350.000.wav	Speech	7.160	7.200
YhYBE6m0peaM_340.000_350.000.wav	Speech	8.760	8.840
YhYBE6m0peaM_340.000_350.000.wav	Blender	3.420	9.740
YuGbVK-U30dE_30.000_40.000.wav	Alarm_bell_ringing	0.000	1.600
YuGbVK-U30dE_30.000_40.000.wav	Alarm_bell_ringing	5.240	9.560
YuGbVK-U30dE_30.000_40.000.wav	Alarm_bell_ringing	9.600	9.660
YvpWEuOJQYYs_90.000_100.000.wav	Speech	0.000	1.980
YvpWEuOJQYYs_90.000_100.000.wav	Speech	2.180	4.540
YvpWEuOJQYYs_90.000_100.000.wav	Speech	7.600	8.000
YvpWEuOJQYYs_90.000_100.000.wav	Speech	8.660	10.020
YNyIzowSEuqQ_10.000_20.000.wav	Dishes	1.720	10.020
YNyIzowSEuqQ_10.000_20.000.wav	Running_water	8.560	8.620
YNyIzowSEuqQ_10.000_20.000.wav	Running_water	8.920	8.960
YClxksvHH8Xs_320.000_330.000.wav	Running_water	0.320	0.380
YClxksvHH8Xs_320.000_330.000.wav	Running_water	0.420	0.560
YClxksvHH8Xs_320.000_330.000.wav	Running_water	0.860	2.000
YClxksvHH8Xs_320.000_330.000.wav	Running_water	2.080	2.120
YClxksvHH8Xs_320.000_330.000.wav	Running_water	2.240	9.380
YEbnAmPYcq1U_0.000_10.000.wav	Electric_shaver_toothbrush	0.680	9.980
YEbnAmPYcq1U_0.000_10.000.wav	Electric_shaver_toothbrush	10.000	10.020
YABxbI3HIQbk_30.000_40.000.wav	Running_water	0.000	10.020
Y-XZBpMKRhok_10.000_20.000.wav	Speech	0.000	0.200
Y-XZBpMKRhok_10.000_20.000.wav	Speech	0.360	0.640
Y-XZBpMKRhok_10.000_20.000.wav	Speech	0.760	1.080
Y-XZBpMKRhok_10.000_20.000.wav	Speech	1.240	1.280
Y-XZBpMKRhok_10.000_20.000.wav	Speech	1.320	1.520
Y-XZBpMKRhok_10.000_20.000.wav	Speech	1.640	1.660
Y-XZBpMKRhok_10.000_20.000.wav	Speech	1.900	2.360
Y-XZBpMKRhok_10.000_20.000.wav	Frying	0.240	0.340
Y-XZBpMKRhok_10.000_20.000.wav	Frying	0.660	0.800
Y-XZBpMKRhok_10.000_20.000.wav	Frying	1.120	1.240
Y-XZBpMKRhok_10.000_20.000.wav	Frying	1.300	1.340
Y-XZBpMKRhok_10.000_20.000.wav	Frying	1.540	1.640
Y-XZBpMKRhok_10.000_20.000.wav	Frying	1.680	1.920
Y-XZBpMKRhok_10.000_20.000.wav	Frying	2.080	2.100
Y-XZBpMKRhok_10.000_20.000.wav	Frying	2.400	3.860
Y-XZBpMKRhok_10.000_20.000.wav	Blender	3.960	9.920
YSpVEDyy9AIY_69.000_79.000.wav	Speech	0.000	0.980
YSpVEDyy9AIY_69.000_79.000.wav	Speech	1.080	1.160
YSpVEDyy9AIY_69.000_79.000.wav	Speech	2.080	2.620
YSpVEDyy9AIY_69.000_79.000.wav	Speech	3.320	3.380
YSpVEDyy9AIY_69.000_79.000.wav	Speech	3.420	4.200
YSpVEDyy9AIY_69.000_79.000.wav	Speech	4.660	7.040
YSpVEDyy9AIY_69.000_79.000.wav	Speech	7.360	10.020
YSpVEDyy9AIY_69.000_79.000.wav	Running_water	1.260	2.060
Y70CtvdsGQf4_2.000_12.000.wav	Dog	6.540	9.220
YcaI1iADQPVA_130.000_140.000.wav	Running_water	0.140	4.660
YcaI1iADQPVA_130.000_140.000.wav	Running_water	4.880	6.140
YcaI1iADQPVA_130.000_140.000.wav	Running_water	6.180	6.500
Y-pDS3yN4B1s_50.000_60.000.wav	Speech	0.540	0.660
Y-pDS3yN4B1s_50.000_60.000.wav	Dog	2.400	10.020
YVVzipNitrmk_0.000_10.000.wav	Dog	0.100	10.020
Y0-Hzui4Qpl4_40.000_50.000.wav	Speech	0.000	1.260
Y0-Hzui4Qpl4_40.000_50.000.wav	Dishes	1.580	1.940
Y0-Hzui4Qpl4_40.000_50.000.wav	Dishes	2.060	2.100
Y0-Hzui4Qpl4_40.000_50.000.wav	Dishes	2.140	2.280
Y0-Hzui4Qpl4_40.000_50.000.wav	Dishes	2.340	2.540
Y0-Hzui4Qpl4_40.000_50.000.wav	Frying	1.580	2.500
Y0-Hzui4Qpl4_40.000_50.000.wav	Frying	4.220	4.280
Y0-Hzui4Qpl4_40.000_50.000.wav	Running_water	4.340	10.020
YPyt8O3N6-wk_110.000_120.000.wav	Dog	0.600	1.920
Y6Bh50bxvod4_70.000_80.000.wav	Speech	0.000	3.340
Y6Bh50bxvod4_70.000_80.000.wav	Speech	7.600	9.280
Y6Bh50bxvod4_70.000_80.000.wav	Dishes	6.800	7.580
Y6Bh50bxvod4_70.000_80.000.wav	Dishes	9.900	9.980
Y6Bh50bxvod4_70.000_80.000.wav	Dishes	10.000	10.020
Y6Bh50bxvod4_70.000_80.000.wav	Blender	4.240	5.940
Y01SaXyGY5SM_30.000_40.000.wav	Speech	2.920	3.320
Y01SaXyGY5SM_30.000_40.000.wav	Dog	2.240	2.360
Y01SaXyGY5SM_30.000_40.000.wav	Dog	2.440	2.460
Y01SaXyGY5SM_30.000_40.000.wav	Dog	2.540	2.940
Y01SaXyGY5SM_30.000_40.000.wav	Dog	4.560	4.640
Y01SaXyGY5SM_30.000_40.000.wav	Cat	0.500	2.020
Y01SaXyGY5SM_30.000_40.000.wav	Cat	5.100	10.020
YSW0qQMAZKfo_30.000_40.000.wav	Speech	1.940	1.980
YSW0qQMAZKfo_30.000_40.000.wav	Speech	8.480	9.000
YSW0qQMAZKfo_30.000_40.000.wav	Dog	1.300	1.880
YSW0qQMAZKfo_30.000_40.000.wav	Dog	2.200	4.960
YSW0qQMAZKfo_30.000_40.000.wav	Dog	6.900	7.480
YSW0qQMAZKfo_30.000_40.000.wav	Dog	9.320	9.340
YACSkISqebAA_200.000_210.000.wav	Running_water	0.000	4.340
YzCdOEvduBTo_30.000_40.000.wav	Dog	1.280	9.240
YzCdOEvduBTo_30.000_40.000.wav	Dog	9.480	9.520
YzCdOEvduBTo_30.000_40.000.wav	Alarm_bell_ringing	9.660	9.780
YOPN5i2GyhZM_130.000_140.000.wav	Speech	0.000	0.400
YOPN5i2GyhZM_130.000_140.000.wav	Speech	2.680	3.060
YOPN5i2GyhZM_130.000_140.000.wav	Speech	3.620	4.000
YOPN5i2GyhZM_130.000_140.000.wav	Speech	4.060	4.760
YOPN5i2GyhZM_130.000_140.000.wav	Speech	5.080	5.880
YOPN5i2GyhZM_130.000_140.000.wav	Speech	5.980	6.560
YOPN5i2GyhZM_130.000_140.000.wav	Speech	6.900	8.480
YOPN5i2GyhZM_130.000_140.000.wav	Speech	8.900	9.620
YOPN5i2GyhZM_130.000_140.000.wav	Speech	9.680	9.840
YOPN5i2GyhZM_130.000_140.000.wav	Dishes	1.180	1.380
YOPN5i2GyhZM_130.000_140.000.wav	Dishes	1.500	2.100
YOPN5i2GyhZM_130.000_140.000.wav	Dishes	6.620	6.940
YOPN5i2GyhZM_130.000_140.000.wav	Frying	0.480	2.140
YOPN5i2GyhZM_130.000_140.000.wav	Frying	3.180	3.600
YOPN5i2GyhZM_130.000_140.000.wav	Frying	6.640	6.920
Y64FYj_KHcC4_50.000_60.000.wav	Speech	4.060	4.620
Y64FYj_KHcC4_50.000_60.000.wav	Speech	6.920	10.020
Y64FYj_KHcC4_50.000_60.000.wav	Alarm_bell_ringing	0.000	4.040
YSktlw1AytXw_0.000_3.000.wav	Alarm_bell_ringing	0.800	2.440
Y446etGsnI_E_30.000_40.000.wav	Dog	6.400	6.420
Y446etGsnI_E_30.000_40.000.wav	Dog	6.440	6.520
Y446etGsnI_E_30.000_40.000.wav	Dog	6.840	6.960
Y446etGsnI_E_30.000_40.000.wav	Dog	7.020	10.020
Y446etGsnI_E_30.000_40.000.wav	Cat	0.040	1.100
Y446etGsnI_E_30.000_40.000.wav	Cat	1.760	5.660
YQzbTGlIKxKQ_90.000_100.000.wav	Frying	0.220	0.280
YQzbTGlIKxKQ_90.000_100.000.wav	Frying	0.500	2.000
YQzbTGlIKxKQ_90.000_100.000.wav	Frying	2.020	2.440
YQzbTGlIKxKQ_90.000_100.000.wav	Frying	2.620	2.840
YQzbTGlIKxKQ_90.000_100.000.wav	Frying	3.040	3.520
YQzbTGlIKxKQ_90.000_100.000.wav	Frying	3.600	4.220
YQzbTGlIKxKQ_90.000_100.000.wav	Frying	4.340	4.880
YQzbTGlIKxKQ_90.000_100.000.wav	Frying	4.980	5.280
YQzbTGlIKxKQ_90.000_100.000.wav	Frying	5.340	5.380
YQzbTGlIKxKQ_90.000_100.000.wav	Frying	5.400	5.420
YQzbTGlIKxKQ_90.000_100.000.wav	Frying	5.520	9.960
YNF1lwZ24RYI_30.000_40.000.wav	Dog	0.060	10.020
YmXhgTalUktk_540.000_550.000.wav	Speech	0.000	3.120
YmXhgTalUktk_540.000_550.000.wav	Speech	3.920	5.620
YmXhgTalUktk_540.000_550.000.wav	Speech	6.200	8.960
YmXhgTalUktk_540.000_550.000.wav	Speech	9.100	9.140
YmXhgTalUktk_540.000_550.000.wav	Speech	9.180	9.240
YmXhgTalUktk_540.000_550.000.wav	Dishes	3.120	4.080
YmXhgTalUktk_540.000_550.000.wav	Dishes	9.140	9.220
YmXhgTalUktk_540.000_550.000.wav	Dishes	9.280	10.020
Y5lw-BHt_rXY_30.000_40.000.wav	Speech	1.440	2.020
Y5lw-BHt_rXY_30.000_40.000.wav	Speech	8.880	9.480
Y5lw-BHt_rXY_30.000_40.000.wav	Dog	0.800	10.020
Y--i-y1v8Hy8_0.000_9.000.wav	Dog	2.000	2.160
Y--i-y1v8Hy8_0.000_9.000.wav	Dog	2.220	2.860
Y--i-y1v8Hy8_0.000_9.000.wav	Dog	2.960	3.100
Y--i-y1v8Hy8_0.000_9.000.wav	Dog	5.680	5.700
Y--i-y1v8Hy8_0.000_9.000.wav	Dog	6.100	7.020
Y--i-y1v8Hy8_0.000_9.000.wav	Cat	3.440	3.960
Y--i-y1v8Hy8_0.000_9.000.wav	Alarm_bell_ringing	7.140	8.100
YySP__fCD5AQ_20.000_30.000.wav	Running_water	1.100	1.160
YySP__fCD5AQ_20.000_30.000.wav	Running_water	3.160	10.020
YpaklihxDg6M_340.000_350.000.wav	Speech	0.000	0.500
YpaklihxDg6M_340.000_350.000.wav	Speech	0.840	3.000
YpaklihxDg6M_340.000_350.000.wav	Speech	7.500	8.500
YpaklihxDg6M_340.000_350.000.wav	Electric_shaver_toothbrush	3.000	7.560
YpaklihxDg6M_340.000_350.000.wav	Electric_shaver_toothbrush	8.460	9.880
YOmVI8nT4KvA_150.000_160.000.wav	Electric_shaver_toothbrush	0.000	9.720
YOmVI8nT4KvA_150.000_160.000.wav	Electric_shaver_toothbrush	9.780	9.900
Y-RLILmQmubM_30.000_40.000.wav	Speech	1.280	4.480
Y-RLILmQmubM_30.000_40.000.wav	Speech	8.680	8.700
Y-RLILmQmubM_30.000_40.000.wav	Speech	9.760	9.980
Y-RLILmQmubM_30.000_40.000.wav	Dog	0.060	2.680
Y-RLILmQmubM_30.000_40.000.wav	Dog	2.940	3.260
Y-RLILmQmubM_30.000_40.000.wav	Dog	3.340	3.440
Y-RLILmQmubM_30.000_40.000.wav	Dog	3.700	3.820
Y-RLILmQmubM_30.000_40.000.wav	Dog	3.900	3.920
Y-RLILmQmubM_30.000_40.000.wav	Dog	4.220	10.020
Y0oI0BvmTLvA_20.000_30.000.wav	Alarm_bell_ringing	0.820	2.260
Y0oI0BvmTLvA_20.000_30.000.wav	Alarm_bell_ringing	2.900	4.120
YhFdTLz4HW78_280.000_290.000.wav	Speech	5.860	6.380
YhFdTLz4HW78_280.000_290.000.wav	Speech	8.720	9.000
YhFdTLz4HW78_280.000_290.000.wav	Running_water	0.080	2.820
YhFdTLz4HW78_280.000_290.000.wav	Running_water	4.100	4.520
YhFdTLz4HW78_280.000_290.000.wav	Running_water	4.680	5.380
YbigQH-Nhocc_190.000_200.000.wav	Speech	5.240	5.380
YbigQH-Nhocc_190.000_200.000.wav	Speech	5.460	6.000
YbigQH-Nhocc_190.000_200.000.wav	Speech	8.420	9.980
YbigQH-Nhocc_190.000_200.000.wav	Frying	0.280	1.500
YbigQH-Nhocc_190.000_200.000.wav	Frying	4.820	4.880
YbigQH-Nhocc_190.000_200.000.wav	Frying	4.940	4.980
YbigQH-Nhocc_190.000_200.000.wav	Frying	5.020	5.160
YbigQH-Nhocc_190.000_200.000.wav	Frying	6.040	8.440
YbigQH-Nhocc_190.000_200.000.wav	Running_water	0.060	0.280
YbigQH-Nhocc_190.000_200.000.wav	Running_water	1.500	4.800
Y5tM4bPM6E_w_70.000_80.000.wav	Speech	0.760	1.880
Y5tM4bPM6E_w_70.000_80.000.wav	Speech	4.100	4.280
Y5tM4bPM6E_w_70.000_80.000.wav	Speech	5.040	5.120
Y5tM4bPM6E_w_70.000_80.000.wav	Speech	6.860	7.060
Y5tM4bPM6E_w_70.000_80.000.wav	Speech	7.140	7.240
Y5tM4bPM6E_w_70.000_80.000.wav	Speech	7.260	7.420
Y5tM4bPM6E_w_70.000_80.000.wav	Speech	8.120	8.200
Y5tM4bPM6E_w_70.000_80.000.wav	Blender	4.560	4.780
YWi6ef91IiUg_490.000_500.000.wav	Alarm_bell_ringing	0.000	10.020
YTslB1VMKXmM_10.000_20.000.wav	Running_water	0.400	0.580
YTslB1VMKXmM_10.000_20.000.wav	Running_water	1.000	7.020
YTslB1VMKXmM_10.000_20.000.wav	Running_water	7.120	8.380
Y9TzyRdTYDvo_24.000_34.000.wav	Speech	2.240	3.060
Y9TzyRdTYDvo_24.000_34.000.wav	Speech	4.380	5.560
YQ0pSP7dO0M8_150.000_160.000.wav	Dishes	1.100	1.480
YQ0pSP7dO0M8_150.000_160.000.wav	Dishes	1.580	1.740
YQ0pSP7dO0M8_150.000_160.000.wav	Running_water	1.940	10.020
Y-fmmdkXn5YA_210.000_220.000.wav	Dog	1.540	1.700
Y-fmmdkXn5YA_210.000_220.000.wav	Dog	1.780	2.040
Y-fmmdkXn5YA_210.000_220.000.wav	Dog	2.220	3.860
Y-fmmdkXn5YA_210.000_220.000.wav	Dog	3.980	4.200
Y-fmmdkXn5YA_210.000_220.000.wav	Dog	5.480	5.640
Y-fmmdkXn5YA_210.000_220.000.wav	Dog	5.760	5.960
Y-fmmdkXn5YA_210.000_220.000.wav	Dog	6.020	6.460
Y-fmmdkXn5YA_210.000_220.000.wav	Dog	6.560	6.620
Y-fmmdkXn5YA_210.000_220.000.wav	Dog	6.840	6.880
Y-fmmdkXn5YA_210.000_220.000.wav	Dog	9.420	9.740
Y-fmmdkXn5YA_210.000_220.000.wav	Dog	9.800	9.940
YXzRoWpGfCFE_410.000_420.000.wav	Speech	8.080	8.700
YXzRoWpGfCFE_410.000_420.000.wav	Speech	8.780	9.400
YXzRoWpGfCFE_410.000_420.000.wav	Alarm_bell_ringing	0.000	0.040
YXzRoWpGfCFE_410.000_420.000.wav	Alarm_bell_ringing	0.860	5.840
Yicmx2wzE7KM_210.000_220.000.wav	Speech	0.000	0.880
Yicmx2wzE7KM_210.000_220.000.wav	Speech	0.980	1.640
Yicmx2wzE7KM_210.000_220.000.wav	Speech	2.080	2.400
Yicmx2wzE7KM_210.000_220.000.wav	Speech	5.020	5.060
Yicmx2wzE7KM_210.000_220.000.wav	Speech	5.100	5.520
Yicmx2wzE7KM_210.000_220.000.wav	Speech	8.060	9.340
Yicmx2wzE7KM_210.000_220.000.wav	Dishes	0.940	1.020
Yicmx2wzE7KM_210.000_220.000.wav	Dishes	3.540	3.620
Yicmx2wzE7KM_210.000_220.000.wav	Dishes	4.020	4.040
Yicmx2wzE7KM_210.000_220.000.wav	Dishes	4.220	4.420
Yicmx2wzE7KM_210.000_220.000.wav	Dishes	4.440	4.760
Yicmx2wzE7KM_210.000_220.000.wav	Frying	0.520	0.600
Yicmx2wzE7KM_210.000_220.000.wav	Frying	0.880	1.060
Yicmx2wzE7KM_210.000_220.000.wav	Frying	1.660	2.100
Yicmx2wzE7KM_210.000_220.000.wav	Frying	2.420	5.140
Yicmx2wzE7KM_210.000_220.000.wav	Frying	5.560	7.800
Yicmx2wzE7KM_210.000_220.000.wav	Frying	8.000	8.020
Yicmx2wzE7KM_210.000_220.000.wav	Frying	9.780	9.980
Yicmx2wzE7KM_210.000_220.000.wav	Frying	10.000	10.020
YWJV6Ey6hXEw_30.000_40.000.wav	Dog	1.200	10.020
Y0EI7FxbdsUE_410.000_420.000.wav	Speech	0.000	0.320
Y0EI7FxbdsUE_410.000_420.000.wav	Speech	0.360	0.460
Y0EI7FxbdsUE_410.000_420.000.wav	Speech	1.200	2.760
Y0EI7FxbdsUE_410.000_420.000.wav	Speech	3.840	3.920
Y0EI7FxbdsUE_410.000_420.000.wav	Speech	4.080	4.880
Y0EI7FxbdsUE_410.000_420.000.wav	Speech	6.900	8.620
Y0EI7FxbdsUE_410.000_420.000.wav	Speech	8.940	9.080
Y0EI7FxbdsUE_410.000_420.000.wav	Speech	9.480	9.520
Y0EI7FxbdsUE_410.000_420.000.wav	Dishes	4.980	6.860
Y0EI7FxbdsUE_410.000_420.000.wav	Frying	0.480	1.220
Y0EI7FxbdsUE_410.000_420.000.wav	Frying	2.920	3.020
Y0EI7FxbdsUE_410.000_420.000.wav	Frying	3.100	3.580
Y0EI7FxbdsUE_410.000_420.000.wav	Frying	4.900	6.940
Y0EI7FxbdsUE_410.000_420.000.wav	Frying	8.680	8.900
Y0EI7FxbdsUE_410.000_420.000.wav	Frying	9.120	9.460
Y0EI7FxbdsUE_410.000_420.000.wav	Frying	9.560	9.780
Y0EI7FxbdsUE_410.000_420.000.wav	Frying	9.840	9.960
Y0EI7FxbdsUE_410.000_420.000.wav	Frying	10.000	10.020
Y45vy1dbFAdU_90.000_100.000.wav	Speech	0.000	0.060
Y45vy1dbFAdU_90.000_100.000.wav	Speech	1.300	3.840
Y45vy1dbFAdU_90.000_100.000.wav	Blender	4.980	8.000
Y45vy1dbFAdU_90.000_100.000.wav	Blender	8.900	9.520
YhD5x033ZPnk_40.000_50.000.wav	Cat	0.000	9.380
YItfBY9SrWM8_10.000_20.000.wav	Speech	9.880	9.980
YItfBY9SrWM8_10.000_20.000.wav	Running_water	0.020	3.560
YItfBY9SrWM8_10.000_20.000.wav	Running_water	4.400	5.720
YItfBY9SrWM8_10.000_20.000.wav	Running_water	6.120	6.900
YItfBY9SrWM8_10.000_20.000.wav	Running_water	6.980	7.300
YP_ZTg9UHBHE_30.000_40.000.wav	Dishes	3.740	3.840
YP_ZTg9UHBHE_30.000_40.000.wav	Dishes	3.880	6.680
YP_ZTg9UHBHE_30.000_40.000.wav	Frying	2.840	2.960
YP_ZTg9UHBHE_30.000_40.000.wav	Frying	3.280	3.520
YP_ZTg9UHBHE_30.000_40.000.wav	Frying	3.560	3.680
YP_ZTg9UHBHE_30.000_40.000.wav	Frying	3.780	3.820
YP_ZTg9UHBHE_30.000_40.000.wav	Frying	3.940	4.080
YP_ZTg9UHBHE_30.000_40.000.wav	Frying	4.120	4.400
YP_ZTg9UHBHE_30.000_40.000.wav	Frying	4.440	5.160
YP_ZTg9UHBHE_30.000_40.000.wav	Running_water	6.900	9.100
YP_ZTg9UHBHE_30.000_40.000.wav	Electric_shaver_toothbrush	0.880	2.100
YRA8ck5zeHM0_0.000_10.000.wav	Speech	0.920	10.020
YZhhGkqjCNsM_30.000_40.000.wav	Speech	0.800	3.920
YZhhGkqjCNsM_30.000_40.000.wav	Speech	5.640	5.760
YZhhGkqjCNsM_30.000_40.000.wav	Speech	6.680	7.880
YZhhGkqjCNsM_30.000_40.000.wav	Speech	8.060	10.020
YZhhGkqjCNsM_30.000_40.000.wav	Alarm_bell_ringing	3.900	5.020
YMdpwk2w-GSM_90.000_100.000.wav	Speech	0.880	4.420
YMdpwk2w-GSM_90.000_100.000.wav	Speech	4.560	4.620
YMdpwk2w-GSM_90.000_100.000.wav	Blender	5.340	9.080
YMdpwk2w-GSM_90.000_100.000.wav	Blender	9.300	9.920
Y8ITneSmsrlU_0.000_10.000.wav	Speech	1.120	5.560
Y8ITneSmsrlU_0.000_10.000.wav	Speech	5.880	10.020
Y8ITneSmsrlU_0.000_10.000.wav	Alarm_bell_ringing	0.180	1.100
YVtmm8XY8cko_310.000_320.000.wav	Dishes	0.000	0.100
YVtmm8XY8cko_310.000_320.000.wav	Dishes	0.120	10.020
Y-hA3ZkfDz30_500.000_510.000.wav	Speech	0.000	1.320
Y-hA3ZkfDz30_500.000_510.000.wav	Speech	1.980	4.980
Y-hA3ZkfDz30_500.000_510.000.wav	Speech	5.180	5.420
Y-hA3ZkfDz30_500.000_510.000.wav	Speech	5.800	5.960
Y-hA3ZkfDz30_500.000_510.000.wav	Vacuum_cleaner	7.720	9.900
YAGqCcrX619E_60.000_70.000.wav	Speech	0.000	0.300
YAGqCcrX619E_60.000_70.000.wav	Speech	1.780	3.020
YAGqCcrX619E_60.000_70.000.wav	Speech	6.980	8.080
YAGqCcrX619E_60.000_70.000.wav	Alarm_bell_ringing	3.920	5.040
Y0J3wJhQVOII_260.000_270.000.wav	Speech	0.000	7.960
Y0J3wJhQVOII_260.000_270.000.wav	Speech	8.240	10.020
Y0oudYrPGNN8_30.000_40.000.wav	Speech	0.380	1.560
Y0oudYrPGNN8_30.000_40.000.wav	Speech	7.040	10.020
Y0oudYrPGNN8_30.000_40.000.wav	Alarm_bell_ringing	2.820	5.060
Y0oudYrPGNN8_30.000_40.000.wav	Alarm_bell_ringing	5.120	7.060
YWKrfEFf6C2I_110.000_120.000.wav	Dog	7.100	7.140
YWKrfEFf6C2I_110.000_120.000.wav	Dog	7.980	8.060
YWKrfEFf6C2I_110.000_120.000.wav	Dog	8.300	8.480
YWKrfEFf6C2I_110.000_120.000.wav	Dog	8.700	8.860
YWKrfEFf6C2I_110.000_120.000.wav	Dog	9.000	9.680
YWKrfEFf6C2I_110.000_120.000.wav	Dog	9.720	10.020
Y8kOQiGtnrOw_180.000_190.000.wav	Vacuum_cleaner	0.040	9.360
Y8kOQiGtnrOw_180.000_190.000.wav	Vacuum_cleaner	9.420	9.720
Y8kOQiGtnrOw_180.000_190.000.wav	Vacuum_cleaner	9.780	9.960
YBhvCHECgwY0_120.000_130.000.wav	Speech	0.000	0.800
YBhvCHECgwY0_120.000_130.000.wav	Speech	1.700	2.280
YBhvCHECgwY0_120.000_130.000.wav	Speech	4.660	4.800
YBhvCHECgwY0_120.000_130.000.wav	Speech	6.760	10.020
YBhvCHECgwY0_120.000_130.000.wav	Blender	2.560	5.800
Y0H25ve3qts4_1.000_11.000.wav	Speech	0.000	2.980
Y0H25ve3qts4_1.000_11.000.wav	Speech	5.280	8.700
Y0H25ve3qts4_1.000_11.000.wav	Electric_shaver_toothbrush	3.040	3.640
